age_group,source,position,verb
overall,spacy,1,be
overall,spacy,2,go
overall,spacy,3,do
overall,spacy,4,have
overall,spacy,5,get
overall,spacy,6,think
overall,spacy,7,know
overall,spacy,8,see
overall,spacy,9,want
overall,spacy,10,say
overall,spacy,11,put
overall,spacy,12,like
overall,spacy,13,wanna
overall,spacy,14,look
overall,spacy,15,come
overall,spacy,16,make
overall,spacy,17,play
overall,spacy,18,eat
overall,spacy,19,tell
overall,spacy,20,take
overall,spacy,21,need
overall,spacy,22,happen
overall,spacy,23,find
overall,spacy,24,give
overall,spacy,25,sit
overall,spacy,26,remember
overall,spacy,27,can
overall,spacy,28,try
overall,spacy,29,fall
overall,spacy,30,die
overall,spacy,31,mean
overall,spacy,32,read
overall,spacy,33,hear
overall,spacy,34,help
overall,spacy,35,talk
overall,spacy,36,use
overall,spacy,37,turn
overall,spacy,38,will
overall,spacy,39,show
overall,spacy,40,call
overall,spacy,41,hold
overall,spacy,42,bring
overall,spacy,43,love
overall,spacy,44,open
overall,spacy,45,finish
overall,spacy,46,work
overall,spacy,47,fit
overall,spacy,48,keep
overall,spacy,49,leave
overall,spacy,50,feel
overall,spacy,51,hurt
overall,spacy,52,start
overall,spacy,53,let
overall,spacy,54,buy
overall,spacy,55,draw
overall,spacy,56,ask
overall,spacy,57,run
overall,spacy,58,wear
overall,spacy,59,watch
overall,spacy,60,pick
overall,spacy,61,live
overall,spacy,62,break
overall,spacy,63,move
overall,spacy,64,throw
overall,spacy,65,sing
overall,spacy,66,stay
overall,spacy,67,sleep
overall,spacy,68,walk
overall,spacy,69,stand
overall,spacy,70,sound
overall,spacy,71,drive
overall,spacy,72,cry
overall,spacy,73,needta
overall,spacy,74,pull
overall,spacy,75,build
overall,spacy,76,guess
overall,spacy,77,fix
overall,spacy,78,siapa
overall,spacy,79,drink
overall,spacy,80,wait
overall,spacy,81,ist
overall,spacy,82,write
overall,spacy,83,cut
overall,spacy,84,stick
overall,spacy,85,push
overall,spacy,86,wonder
overall,spacy,87,bet
overall,spacy,88,stop
overall,spacy,89,jump
overall,spacy,90,den
overall,spacy,91,hide
overall,spacy,92,miss
overall,spacy,93,hafta
overall,spacy,94,catch
overall,spacy,95,pretend
overall,spacy,96,wash
overall,spacy,97,fly
overall,spacy,98,lose
overall,spacy,99,drop
overall,spacy,100,would
overall,ud,1,go
overall,ud,2,do
overall,ud,3,want
overall,ud,4,have
overall,ud,5,be
overall,ud,6,get
overall,ud,7,think
overall,ud,8,know
overall,ud,9,like
overall,ud,10,say
overall,ud,11,see
overall,ud,12,put
overall,ud,13,look
overall,ud,14,make
overall,ud,15,eat
overall,ud,16,come
overall,ud,17,play
overall,ud,18,need
overall,ud,19,take
overall,ud,20,tell
overall,ud,21,find
overall,ud,22,give
overall,ud,23,mean
overall,ud,24,try
overall,ud,25,happen
overall,ud,26,remember
overall,ud,27,sit
overall,ud,28,fall
overall,ud,29,read
overall,ud,30,love
overall,ud,31,hear
overall,ud,32,use
overall,ud,33,start
overall,ud,34,talk
overall,ud,35,can
overall,ud,36,fit
overall,ud,37,help
overall,ud,38,turn
overall,ud,39,work
overall,ud,40,call
overall,ud,41,bring
overall,ud,42,show
overall,ud,43,guess
overall,ud,44,hold
overall,ud,45,pick
overall,ud,46,feel
overall,ud,47,open
overall,ud,48,ask
overall,ud,49,wear
overall,ud,50,stay
overall,ud,51,keep
overall,ud,52,run
overall,ud,53,hurt
overall,ud,54,move
overall,ud,55,leave
overall,ud,56,walk
overall,ud,57,let
overall,ud,58,drink
overall,ud,59,build
overall,ud,60,seem
overall,ud,61,throw
overall,ud,62,live
overall,ud,63,hit
overall,ud,64,buy
overall,ud,65,stop
overall,ud,66,sleep
overall,ud,67,watch
overall,ud,68,will
overall,ud,69,push
overall,ud,70,fix
overall,ud,71,write
overall,ud,72,bet
overall,ud,73,break
overall,ud,74,forget
overall,ud,75,recognize
overall,ud,76,jump
overall,ud,77,blow
overall,ud,78,drive
overall,ud,79,draw
overall,ud,80,sound
overall,ud,81,sing
overall,ud,82,fly
overall,ud,83,wait
overall,ud,84,pull
overall,ud,85,finish
overall,ud,86,cook
overall,ud,87,stand
overall,ud,88,wash
overall,ud,89,feed
overall,ud,90,knock
overall,ud,91,wonder
overall,ud,92,pretend
overall,ud,93,miss
overall,ud,94,pop
overall,ud,95,cry
overall,ud,96,ride
overall,ud,97,begin
overall,ud,98,catch
overall,ud,99,drop
overall,ud,100,learn
0-12mo,spacy,1,be
0-12mo,spacy,2,go
0-12mo,spacy,3,have
0-12mo,spacy,4,do
0-12mo,spacy,5,think
0-12mo,spacy,6,get
0-12mo,spacy,7,see
0-12mo,spacy,8,like
0-12mo,spacy,9,wanna
0-12mo,spacy,10,know
0-12mo,spacy,11,want
0-12mo,spacy,12,say
0-12mo,spacy,13,play
0-12mo,spacy,14,look
0-12mo,spacy,15,put
0-12mo,spacy,16,eat
0-12mo,spacy,17,make
0-12mo,spacy,18,try
0-12mo,spacy,19,come
0-12mo,spacy,20,give
0-12mo,spacy,21,read
0-12mo,spacy,22,take
0-12mo,spacy,23,find
0-12mo,spacy,24,seem
0-12mo,spacy,25,feel
0-12mo,spacy,26,recognize
0-12mo,spacy,27,love
0-12mo,spacy,28,mean
0-12mo,spacy,29,need
0-12mo,spacy,30,sit
0-12mo,spacy,31,hear
0-12mo,spacy,32,guess
0-12mo,spacy,33,fall
0-12mo,spacy,34,pick
0-12mo,spacy,35,sound
0-12mo,spacy,36,turn
0-12mo,spacy,37,talk
0-12mo,spacy,38,hold
0-12mo,spacy,39,taste
0-12mo,spacy,40,remember
0-12mo,spacy,41,let
0-12mo,spacy,42,tell
0-12mo,spacy,43,start
0-12mo,spacy,44,keep
0-12mo,spacy,45,feed
0-12mo,spacy,46,show
0-12mo,spacy,47,can
0-12mo,spacy,48,help
0-12mo,spacy,49,shake
0-12mo,spacy,50,chew
0-12mo,spacy,51,pull
0-12mo,spacy,52,throw
0-12mo,spacy,53,ask
0-12mo,spacy,54,use
0-12mo,spacy,55,move
0-12mo,spacy,56,needta
0-12mo,spacy,57,touch
0-12mo,spacy,58,open
0-12mo,spacy,59,work
0-12mo,spacy,60,stand
0-12mo,spacy,61,notice
0-12mo,spacy,62,fit
0-12mo,spacy,63,drink
0-12mo,spacy,64,prefer
0-12mo,spacy,65,drop
0-12mo,spacy,66,walk
0-12mo,spacy,67,wonder
0-12mo,spacy,68,roll
0-12mo,spacy,69,watch
0-12mo,spacy,70,sing
0-12mo,spacy,71,call
0-12mo,spacy,72,leave
0-12mo,spacy,73,happen
0-12mo,spacy,74,knock
0-12mo,spacy,75,change
0-12mo,spacy,76,dunno
0-12mo,spacy,77,bring
0-12mo,spacy,78,hurt
0-12mo,spacy,79,bang
0-12mo,spacy,80,wash
0-12mo,spacy,81,grab
0-12mo,spacy,82,wear
0-12mo,spacy,83,will
0-12mo,spacy,84,crawl
0-12mo,spacy,85,stay
0-12mo,spacy,86,clean
0-12mo,spacy,87,run
0-12mo,spacy,88,push
0-12mo,spacy,89,bet
0-12mo,spacy,90,pretend
0-12mo,spacy,91,care
0-12mo,spacy,92,clap
0-12mo,spacy,93,share
0-12mo,spacy,94,hit
0-12mo,spacy,95,wave
0-12mo,spacy,96,reach
0-12mo,spacy,97,build
0-12mo,spacy,98,swim
0-12mo,spacy,99,kiss
0-12mo,spacy,100,hide
0-12mo,ud,1,have
0-12mo,ud,2,go
0-12mo,ud,3,think
0-12mo,ud,4,know
0-12mo,ud,5,like
0-12mo,ud,6,do
0-12mo,ud,7,get
0-12mo,ud,8,be
0-12mo,ud,9,want
0-12mo,ud,10,play
0-12mo,ud,11,say
0-12mo,ud,12,see
0-12mo,ud,13,try
0-12mo,ud,14,look
0-12mo,ud,15,put
0-12mo,ud,16,mean
0-12mo,ud,17,recognize
0-12mo,ud,18,make
0-12mo,ud,19,seem
0-12mo,ud,20,eat
0-12mo,ud,21,come
0-12mo,ud,22,love
0-12mo,ud,23,read
0-12mo,ud,24,take
0-12mo,ud,25,guess
0-12mo,ud,26,give
0-12mo,ud,27,pick
0-12mo,ud,28,hear
0-12mo,ud,29,need
0-12mo,ud,30,sit
0-12mo,ud,31,start
0-12mo,ud,32,find
0-12mo,ud,33,feel
0-12mo,ud,34,remember
0-12mo,ud,35,notice
0-12mo,ud,36,talk
0-12mo,ud,37,keep
0-12mo,ud,38,tell
0-12mo,ud,39,ask
0-12mo,ud,40,show
0-12mo,ud,41,prefer
0-12mo,ud,42,use
0-12mo,ud,43,hold
0-12mo,ud,44,fall
0-12mo,ud,45,can
0-12mo,ud,46,chew
0-12mo,ud,47,let
0-12mo,ud,48,pull
0-12mo,ud,49,throw
0-12mo,ud,50,work
0-12mo,ud,51,help
0-12mo,ud,52,turn
0-12mo,ud,53,move
0-12mo,ud,54,walk
0-12mo,ud,55,watch
0-12mo,ud,56,call
0-12mo,ud,57,touch
0-12mo,ud,58,stand
0-12mo,ud,59,change
0-12mo,ud,60,crawl
0-12mo,ud,61,grab
0-12mo,ud,62,shake
0-12mo,ud,63,feed
0-12mo,ud,64,sing
0-12mo,ud,65,care
0-12mo,ud,66,dunno
0-12mo,ud,67,bang
0-12mo,ud,68,bring
0-12mo,ud,69,drop
0-12mo,ud,70,drink
0-12mo,ud,71,will
0-12mo,ud,72,roll
0-12mo,ud,73,tend
0-12mo,ud,74,leave
0-12mo,ud,75,hurt
0-12mo,ud,76,push
0-12mo,ud,77,sound
0-12mo,ud,78,wonder
0-12mo,ud,79,enjoy
0-12mo,ud,80,open
0-12mo,ud,81,stay
0-12mo,ud,82,would
0-12mo,ud,83,pretend
0-12mo,ud,84,forget
0-12mo,ud,85,wash
0-12mo,ud,86,run
0-12mo,ud,87,taste
0-12mo,ud,88,wave
0-12mo,ud,89,spend
0-12mo,ud,90,stop
0-12mo,ud,91,happen
0-12mo,ud,92,clean
0-12mo,ud,93,pay
0-12mo,ud,94,smile
0-12mo,ud,95,knock
0-12mo,ud,96,learn
0-12mo,ud,97,laugh
0-12mo,ud,98,understand
0-12mo,ud,99,wear
0-12mo,ud,100,close
12-24mo,spacy,1,be
12-24mo,spacy,2,go
12-24mo,spacy,3,do
12-24mo,spacy,4,have
12-24mo,spacy,5,get
12-24mo,spacy,6,want
12-24mo,spacy,7,see
12-24mo,spacy,8,say
12-24mo,spacy,9,wanna
12-24mo,spacy,10,put
12-24mo,spacy,11,know
12-24mo,spacy,12,think
12-24mo,spacy,13,like
12-24mo,spacy,14,look
12-24mo,spacy,15,come
12-24mo,spacy,16,make
12-24mo,spacy,17,play
12-24mo,spacy,18,take
12-24mo,spacy,19,eat
12-24mo,spacy,20,find
12-24mo,spacy,21,need
12-24mo,spacy,22,sit
12-24mo,spacy,23,give
12-24mo,spacy,24,read
12-24mo,spacy,25,try
12-24mo,spacy,26,fall
12-24mo,spacy,27,turn
12-24mo,spacy,28,open
12-24mo,spacy,29,hear
12-24mo,spacy,30,tell
12-24mo,spacy,31,help
12-24mo,spacy,32,throw
12-24mo,spacy,33,love
12-24mo,spacy,34,talk
12-24mo,spacy,35,hold
12-24mo,spacy,36,show
12-24mo,spacy,37,happen
12-24mo,spacy,38,draw
12-24mo,spacy,39,fit
12-24mo,spacy,40,call
12-24mo,spacy,41,push
12-24mo,spacy,42,mean
12-24mo,spacy,43,let
12-24mo,spacy,44,can
12-24mo,spacy,45,remember
12-24mo,spacy,46,bring
12-24mo,spacy,47,pick
12-24mo,spacy,48,use
12-24mo,spacy,49,wear
12-24mo,spacy,50,leave
12-24mo,spacy,51,work
12-24mo,spacy,52,feel
12-24mo,spacy,53,drink
12-24mo,spacy,54,move
12-24mo,spacy,55,fix
12-24mo,spacy,56,stay
12-24mo,spacy,57,sleep
12-24mo,spacy,58,sing
12-24mo,spacy,59,pull
12-24mo,spacy,60,keep
12-24mo,spacy,61,hurt
12-24mo,spacy,62,walk
12-24mo,spacy,63,close
12-24mo,spacy,64,run
12-24mo,spacy,65,s
12-24mo,spacy,66,finish
12-24mo,spacy,67,build
12-24mo,spacy,68,den
12-24mo,spacy,69,stand
12-24mo,spacy,70,break
12-24mo,spacy,71,cry
12-24mo,spacy,72,feed
12-24mo,spacy,73,roll
12-24mo,spacy,74,live
12-24mo,spacy,75,will
12-24mo,spacy,76,catch
12-24mo,spacy,77,color
12-24mo,spacy,78,hide
12-24mo,spacy,79,touch
12-24mo,spacy,80,guess
12-24mo,spacy,81,ask
12-24mo,spacy,82,stop
12-24mo,spacy,83,stick
12-24mo,spacy,84,write
12-24mo,spacy,85,jump
12-24mo,spacy,86,sound
12-24mo,spacy,87,drive
12-24mo,spacy,88,wash
12-24mo,spacy,89,needta
12-24mo,spacy,90,start
12-24mo,spacy,91,miss
12-24mo,spacy,92,clean
12-24mo,spacy,93,blow
12-24mo,spacy,94,watch
12-24mo,spacy,95,brush
12-24mo,spacy,96,drop
12-24mo,spacy,97,kiss
12-24mo,spacy,98,cook
12-24mo,spacy,99,hafta
12-24mo,spacy,100,rid
12-24mo,ud,1,go
12-24mo,ud,2,want
12-24mo,ud,3,be
12-24mo,ud,4,do
12-24mo,ud,5,have
12-24mo,ud,6,get
12-24mo,ud,7,know
12-24mo,ud,8,say
12-24mo,ud,9,like
12-24mo,ud,10,think
12-24mo,ud,11,put
12-24mo,ud,12,see
12-24mo,ud,13,come
12-24mo,ud,14,look
12-24mo,ud,15,play
12-24mo,ud,16,make
12-24mo,ud,17,need
12-24mo,ud,18,eat
12-24mo,ud,19,take
12-24mo,ud,20,find
12-24mo,ud,21,sit
12-24mo,ud,22,give
12-24mo,ud,23,try
12-24mo,ud,24,turn
12-24mo,ud,25,fall
12-24mo,ud,26,love
12-24mo,ud,27,tell
12-24mo,ud,28,hear
12-24mo,ud,29,read
12-24mo,ud,30,throw
12-24mo,ud,31,open
12-24mo,ud,32,fit
12-24mo,ud,33,help
12-24mo,ud,34,talk
12-24mo,ud,35,hold
12-24mo,ud,36,show
12-24mo,ud,37,pick
12-24mo,ud,38,mean
12-24mo,ud,39,remember
12-24mo,ud,40,can
12-24mo,ud,41,draw
12-24mo,ud,42,use
12-24mo,ud,43,push
12-24mo,ud,44,call
12-24mo,ud,45,stay
12-24mo,ud,46,happen
12-24mo,ud,47,blow
12-24mo,ud,48,begin
12-24mo,ud,49,work
12-24mo,ud,50,bring
12-24mo,ud,51,drink
12-24mo,ud,52,cook
12-24mo,ud,53,guess
12-24mo,ud,54,leave
12-24mo,ud,55,feel
12-24mo,ud,56,start
12-24mo,ud,57,feed
12-24mo,ud,58,let
12-24mo,ud,59,stop
12-24mo,ud,60,ride
12-24mo,ud,61,fix
12-24mo,ud,62,move
12-24mo,ud,63,walk
12-24mo,ud,64,run
12-24mo,ud,65,keep
12-24mo,ud,66,wear
12-24mo,ud,67,sing
12-24mo,ud,68,build
12-24mo,ud,69,hurt
12-24mo,ud,70,pull
12-24mo,ud,71,pop
12-24mo,ud,72,close
12-24mo,ud,73,break
12-24mo,ud,74,cry
12-24mo,ud,75,drop
12-24mo,ud,76,touch
12-24mo,ud,77,bet
12-24mo,ud,78,sleep
12-24mo,ud,79,knock
12-24mo,ud,80,jump
12-24mo,ud,81,wash
12-24mo,ud,82,recognize
12-24mo,ud,83,catch
12-24mo,ud,84,stand
12-24mo,ud,85,roll
12-24mo,ud,86,write
12-24mo,ud,87,will
12-24mo,ud,88,ask
12-24mo,ud,89,dance
12-24mo,ud,90,miss
12-24mo,ud,91,seem
12-24mo,ud,92,sound
12-24mo,ud,93,hide
12-24mo,ud,94,live
12-24mo,ud,95,taste
12-24mo,ud,96,understand
12-24mo,ud,97,forget
12-24mo,ud,98,point
12-24mo,ud,99,fly
12-24mo,ud,100,smell
24-36mo,spacy,1,be
24-36mo,spacy,2,go
24-36mo,spacy,3,do
24-36mo,spacy,4,have
24-36mo,spacy,5,get
24-36mo,spacy,6,think
24-36mo,spacy,7,see
24-36mo,spacy,8,know
24-36mo,spacy,9,want
24-36mo,spacy,10,put
24-36mo,spacy,11,say
24-36mo,spacy,12,like
24-36mo,spacy,13,wanna
24-36mo,spacy,14,look
24-36mo,spacy,15,come
24-36mo,spacy,16,make
24-36mo,spacy,17,take
24-36mo,spacy,18,play
24-36mo,spacy,19,eat
24-36mo,spacy,20,need
24-36mo,spacy,21,find
24-36mo,spacy,22,tell
24-36mo,spacy,23,sit
24-36mo,spacy,24,give
24-36mo,spacy,25,happen
24-36mo,spacy,26,fall
24-36mo,spacy,27,can
24-36mo,spacy,28,remember
24-36mo,spacy,29,try
24-36mo,spacy,30,mean
24-36mo,spacy,31,read
24-36mo,spacy,32,will
24-36mo,spacy,33,die
24-36mo,spacy,34,help
24-36mo,spacy,35,hear
24-36mo,spacy,36,talk
24-36mo,spacy,37,use
24-36mo,spacy,38,show
24-36mo,spacy,39,hold
24-36mo,spacy,40,fit
24-36mo,spacy,41,hurt
24-36mo,spacy,42,finish
24-36mo,spacy,43,open
24-36mo,spacy,44,call
24-36mo,spacy,45,bring
24-36mo,spacy,46,turn
24-36mo,spacy,47,draw
24-36mo,spacy,48,buy
24-36mo,spacy,49,wear
24-36mo,spacy,50,break
24-36mo,spacy,51,keep
24-36mo,spacy,52,sing
24-36mo,spacy,53,work
24-36mo,spacy,54,leave
24-36mo,spacy,55,love
24-36mo,spacy,56,watch
24-36mo,spacy,57,sleep
24-36mo,spacy,58,feel
24-36mo,spacy,59,let
24-36mo,spacy,60,move
24-36mo,spacy,61,throw
24-36mo,spacy,62,cry
24-36mo,spacy,63,run
24-36mo,spacy,64,ask
24-36mo,spacy,65,pick
24-36mo,spacy,66,live
24-36mo,spacy,67,stand
24-36mo,spacy,68,stay
24-36mo,spacy,69,build
24-36mo,spacy,70,start
24-36mo,spacy,71,needta
24-36mo,spacy,72,drive
24-36mo,spacy,73,cut
24-36mo,spacy,74,pull
24-36mo,spacy,75,hide
24-36mo,spacy,76,fix
24-36mo,spacy,77,write
24-36mo,spacy,78,stick
24-36mo,spacy,79,wait
24-36mo,spacy,80,drink
24-36mo,spacy,81,walk
24-36mo,spacy,82,wash
24-36mo,spacy,83,push
24-36mo,spacy,84,jump
24-36mo,spacy,85,drop
24-36mo,spacy,86,stop
24-36mo,spacy,87,pretend
24-36mo,spacy,88,lose
24-36mo,spacy,89,miss
24-36mo,spacy,90,wonder
24-36mo,spacy,91,count
24-36mo,spacy,92,bet
24-36mo,spacy,93,sound
24-36mo,spacy,94,catch
24-36mo,spacy,95,blow
24-36mo,spacy,96,fly
24-36mo,spacy,97,guess
24-36mo,spacy,98,would
24-36mo,spacy,99,den
24-36mo,spacy,100,hafta
24-36mo,ud,1,go
24-36mo,ud,2,do
24-36mo,ud,3,want
24-36mo,ud,4,have
24-36mo,ud,5,be
24-36mo,ud,6,get
24-36mo,ud,7,think
24-36mo,ud,8,know
24-36mo,ud,9,like
24-36mo,ud,10,see
24-36mo,ud,11,put
24-36mo,ud,12,say
24-36mo,ud,13,need
24-36mo,ud,14,look
24-36mo,ud,15,make
24-36mo,ud,16,come
24-36mo,ud,17,eat
24-36mo,ud,18,play
24-36mo,ud,19,take
24-36mo,ud,20,find
24-36mo,ud,21,give
24-36mo,ud,22,tell
24-36mo,ud,23,fall
24-36mo,ud,24,remember
24-36mo,ud,25,sit
24-36mo,ud,26,fit
24-36mo,ud,27,happen
24-36mo,ud,28,try
24-36mo,ud,29,mean
24-36mo,ud,30,love
24-36mo,ud,31,help
24-36mo,ud,32,turn
24-36mo,ud,33,use
24-36mo,ud,34,hear
24-36mo,ud,35,can
24-36mo,ud,36,work
24-36mo,ud,37,talk
24-36mo,ud,38,open
24-36mo,ud,39,bring
24-36mo,ud,40,hold
24-36mo,ud,41,wear
24-36mo,ud,42,read
24-36mo,ud,43,show
24-36mo,ud,44,guess
24-36mo,ud,45,hurt
24-36mo,ud,46,pop
24-36mo,ud,47,pick
24-36mo,ud,48,drink
24-36mo,ud,49,start
24-36mo,ud,50,sleep
24-36mo,ud,51,build
24-36mo,ud,52,knock
24-36mo,ud,53,cook
24-36mo,ud,54,blow
24-36mo,ud,55,ask
24-36mo,ud,56,stay
24-36mo,ud,57,stop
24-36mo,ud,58,run
24-36mo,ud,59,fix
24-36mo,ud,60,call
24-36mo,ud,61,leave
24-36mo,ud,62,throw
24-36mo,ud,63,feel
24-36mo,ud,64,draw
24-36mo,ud,65,sing
24-36mo,ud,66,let
24-36mo,ud,67,move
24-36mo,ud,68,keep
24-36mo,ud,69,bet
24-36mo,ud,70,drive
24-36mo,ud,71,break
24-36mo,ud,72,stand
24-36mo,ud,73,push
24-36mo,ud,74,cry
24-36mo,ud,75,buy
24-36mo,ud,76,wait
24-36mo,ud,77,pretend
24-36mo,ud,78,dance
24-36mo,ud,79,wash
24-36mo,ud,80,write
24-36mo,ud,81,live
24-36mo,ud,82,ride
24-36mo,ud,83,seem
24-36mo,ud,84,pull
24-36mo,ud,85,watch
24-36mo,ud,86,wonder
24-36mo,ud,87,will
24-36mo,ud,88,drop
24-36mo,ud,89,jump
24-36mo,ud,90,walk
24-36mo,ud,91,feed
24-36mo,ud,92,finish
24-36mo,ud,93,miss
24-36mo,ud,94,catch
24-36mo,ud,95,cut
24-36mo,ud,96,forget
24-36mo,ud,97,hide
24-36mo,ud,98,begin
24-36mo,ud,99,fly
24-36mo,ud,100,hit
36-48mo,spacy,1,be
36-48mo,spacy,2,go
36-48mo,spacy,3,do
36-48mo,spacy,4,have
36-48mo,spacy,5,get
36-48mo,spacy,6,think
36-48mo,spacy,7,know
36-48mo,spacy,8,see
36-48mo,spacy,9,say
36-48mo,spacy,10,want
36-48mo,spacy,11,put
36-48mo,spacy,12,like
36-48mo,spacy,13,wanna
36-48mo,spacy,14,look
36-48mo,spacy,15,come
36-48mo,spacy,16,make
36-48mo,spacy,17,happen
36-48mo,spacy,18,eat
36-48mo,spacy,19,take
36-48mo,spacy,20,need
36-48mo,spacy,21,play
36-48mo,spacy,22,tell
36-48mo,spacy,23,find
36-48mo,spacy,24,give
36-48mo,spacy,25,remember
36-48mo,spacy,26,can
36-48mo,spacy,27,sit
36-48mo,spacy,28,try
36-48mo,spacy,29,mean
36-48mo,spacy,30,fall
36-48mo,spacy,31,die
36-48mo,spacy,32,will
36-48mo,spacy,33,read
36-48mo,spacy,34,use
36-48mo,spacy,35,show
36-48mo,spacy,36,hear
36-48mo,spacy,37,help
36-48mo,spacy,38,call
36-48mo,spacy,39,bring
36-48mo,spacy,40,finish
36-48mo,spacy,41,talk
36-48mo,spacy,42,turn
36-48mo,spacy,43,start
36-48mo,spacy,44,buy
36-48mo,spacy,45,work
36-48mo,spacy,46,hurt
36-48mo,spacy,47,hold
36-48mo,spacy,48,run
36-48mo,spacy,49,leave
36-48mo,spacy,50,open
36-48mo,spacy,51,siapa
36-48mo,spacy,52,love
36-48mo,spacy,53,keep
36-48mo,spacy,54,fit
36-48mo,spacy,55,live
36-48mo,spacy,56,break
36-48mo,spacy,57,draw
36-48mo,spacy,58,feel
36-48mo,spacy,59,sleep
36-48mo,spacy,60,let
36-48mo,spacy,61,ask
36-48mo,spacy,62,watch
36-48mo,spacy,63,move
36-48mo,spacy,64,stay
36-48mo,spacy,65,walk
36-48mo,spacy,66,needta
36-48mo,spacy,67,sing
36-48mo,spacy,68,pick
36-48mo,spacy,69,wear
36-48mo,spacy,70,wait
36-48mo,spacy,71,stand
36-48mo,spacy,72,cry
36-48mo,spacy,73,drive
36-48mo,spacy,74,miss
36-48mo,spacy,75,cut
36-48mo,spacy,76,wonder
36-48mo,spacy,77,throw
36-48mo,spacy,78,hafta
36-48mo,spacy,79,stick
36-48mo,spacy,80,ist
36-48mo,spacy,81,guess
36-48mo,spacy,82,bet
36-48mo,spacy,83,build
36-48mo,spacy,84,pretend
36-48mo,spacy,85,apa
36-48mo,spacy,86,fix
36-48mo,spacy,87,jump
36-48mo,spacy,88,catch
36-48mo,spacy,89,fly
36-48mo,spacy,90,would
36-48mo,spacy,91,hide
36-48mo,spacy,92,stop
36-48mo,spacy,93,lose
36-48mo,spacy,94,sound
36-48mo,spacy,95,pull
36-48mo,spacy,96,push
36-48mo,spacy,97,grow
36-48mo,spacy,98,m
36-48mo,spacy,99,forget
36-48mo,spacy,100,drink
36-48mo,ud,1,go
36-48mo,ud,2,do
36-48mo,ud,3,have
36-48mo,ud,4,want
36-48mo,ud,5,get
36-48mo,ud,6,be
36-48mo,ud,7,know
36-48mo,ud,8,think
36-48mo,ud,9,like
36-48mo,ud,10,see
36-48mo,ud,11,say
36-48mo,ud,12,put
36-48mo,ud,13,look
36-48mo,ud,14,come
36-48mo,ud,15,make
36-48mo,ud,16,eat
36-48mo,ud,17,need
36-48mo,ud,18,take
36-48mo,ud,19,tell
36-48mo,ud,20,play
36-48mo,ud,21,happen
36-48mo,ud,22,give
36-48mo,ud,23,remember
36-48mo,ud,24,find
36-48mo,ud,25,mean
36-48mo,ud,26,sit
36-48mo,ud,27,fall
36-48mo,ud,28,try
36-48mo,ud,29,fit
36-48mo,ud,30,use
36-48mo,ud,31,can
36-48mo,ud,32,bring
36-48mo,ud,33,help
36-48mo,ud,34,work
36-48mo,ud,35,talk
36-48mo,ud,36,hear
36-48mo,ud,37,show
36-48mo,ud,38,turn
36-48mo,ud,39,call
36-48mo,ud,40,run
36-48mo,ud,41,stay
36-48mo,ud,42,read
36-48mo,ud,43,buy
36-48mo,ud,44,hurt
36-48mo,ud,45,hold
36-48mo,ud,46,ask
36-48mo,ud,47,open
36-48mo,ud,48,feel
36-48mo,ud,49,walk
36-48mo,ud,50,live
36-48mo,ud,51,leave
36-48mo,ud,52,guess
36-48mo,ud,53,start
36-48mo,ud,54,will
36-48mo,ud,55,wear
36-48mo,ud,56,break
36-48mo,ud,57,love
36-48mo,ud,58,keep
36-48mo,ud,59,drive
36-48mo,ud,60,build
36-48mo,ud,61,watch
36-48mo,ud,62,pick
36-48mo,ud,63,sleep
36-48mo,ud,64,move
36-48mo,ud,65,drink
36-48mo,ud,66,forget
36-48mo,ud,67,bet
36-48mo,ud,68,jump
36-48mo,ud,69,let
36-48mo,ud,70,wonder
36-48mo,ud,71,wait
36-48mo,ud,72,fix
36-48mo,ud,73,finish
36-48mo,ud,74,pretend
36-48mo,ud,75,miss
36-48mo,ud,76,push
36-48mo,ud,77,ride
36-48mo,ud,78,catch
36-48mo,ud,79,stand
36-48mo,ud,80,fly
36-48mo,ud,81,cry
36-48mo,ud,82,throw
36-48mo,ud,83,blow
36-48mo,ud,84,begin
36-48mo,ud,85,lose
36-48mo,ud,86,knock
36-48mo,ud,87,sound
36-48mo,ud,88,stop
36-48mo,ud,89,choose
36-48mo,ud,90,sing
36-48mo,ud,91,hit
36-48mo,ud,92,learn
36-48mo,ud,93,hide
36-48mo,ud,94,wash
36-48mo,ud,95,pull
36-48mo,ud,96,draw
36-48mo,ud,97,hope
36-48mo,ud,98,drop
36-48mo,ud,99,grow
36-48mo,ud,100,spill
48-60mo,spacy,1,be
48-60mo,spacy,2,go
48-60mo,spacy,3,do
48-60mo,spacy,4,have
48-60mo,spacy,5,know
48-60mo,spacy,6,get
48-60mo,spacy,7,think
48-60mo,spacy,8,see
48-60mo,spacy,9,say
48-60mo,spacy,10,want
48-60mo,spacy,11,tell
48-60mo,spacy,12,like
48-60mo,spacy,13,look
48-60mo,spacy,14,come
48-60mo,spacy,15,put
48-60mo,spacy,16,wanna
48-60mo,spacy,17,make
48-60mo,spacy,18,eat
48-60mo,spacy,19,take
48-60mo,spacy,20,play
48-60mo,spacy,21,happen
48-60mo,spacy,22,need
48-60mo,spacy,23,mean
48-60mo,spacy,24,hear
48-60mo,spacy,25,can
48-60mo,spacy,26,remember
48-60mo,spacy,27,give
48-60mo,spacy,28,find
48-60mo,spacy,29,talk
48-60mo,spacy,30,sit
48-60mo,spacy,31,help
48-60mo,spacy,32,try
48-60mo,spacy,33,use
48-60mo,spacy,34,call
48-60mo,spacy,35,die
48-60mo,spacy,36,fall
48-60mo,spacy,37,start
48-60mo,spacy,38,work
48-60mo,spacy,39,read
48-60mo,spacy,40,will
48-60mo,spacy,41,leave
48-60mo,spacy,42,let
48-60mo,spacy,43,ask
48-60mo,spacy,44,bring
48-60mo,spacy,45,turn
48-60mo,spacy,46,feel
48-60mo,spacy,47,buy
48-60mo,spacy,48,show
48-60mo,spacy,49,keep
48-60mo,spacy,50,love
48-60mo,spacy,51,finish
48-60mo,spacy,52,run
48-60mo,spacy,53,watch
48-60mo,spacy,54,sound
48-60mo,spacy,55,wear
48-60mo,spacy,56,walk
48-60mo,spacy,57,stay
48-60mo,spacy,58,hold
48-60mo,spacy,59,siapa
48-60mo,spacy,60,pick
48-60mo,spacy,61,guess
48-60mo,spacy,62,live
48-60mo,spacy,63,hurt
48-60mo,spacy,64,wonder
48-60mo,spacy,65,wait
48-60mo,spacy,66,break
48-60mo,spacy,67,bet
48-60mo,spacy,68,stop
48-60mo,spacy,69,hafta
48-60mo,spacy,70,open
48-60mo,spacy,71,drive
48-60mo,spacy,72,move
48-60mo,spacy,73,dulu
48-60mo,spacy,74,fit
48-60mo,spacy,75,forget
48-60mo,spacy,76,would
48-60mo,spacy,77,sing
48-60mo,spacy,78,apa
48-60mo,spacy,79,fly
48-60mo,spacy,80,write
48-60mo,spacy,81,cut
48-60mo,spacy,82,useta
48-60mo,spacy,83,sleep
48-60mo,spacy,84,listen
48-60mo,spacy,85,grow
48-60mo,spacy,86,build
48-60mo,spacy,87,stand
48-60mo,spacy,88,catch
48-60mo,spacy,89,jump
48-60mo,spacy,90,throw
48-60mo,spacy,91,miss
48-60mo,spacy,92,pretend
48-60mo,spacy,93,ist
48-60mo,spacy,94,pull
48-60mo,spacy,95,drink
48-60mo,spacy,96,needta
48-60mo,spacy,97,fix
48-60mo,spacy,98,lose
48-60mo,spacy,99,could
48-60mo,spacy,100,draw
48-60mo,ud,1,go
48-60mo,ud,2,do
48-60mo,ud,3,have
48-60mo,ud,4,know
48-60mo,ud,5,want
48-60mo,ud,6,get
48-60mo,ud,7,be
48-60mo,ud,8,think
48-60mo,ud,9,say
48-60mo,ud,10,like
48-60mo,ud,11,see
48-60mo,ud,12,eat
48-60mo,ud,13,come
48-60mo,ud,14,look
48-60mo,ud,15,make
48-60mo,ud,16,tell
48-60mo,ud,17,put
48-60mo,ud,18,take
48-60mo,ud,19,play
48-60mo,ud,20,happen
48-60mo,ud,21,mean
48-60mo,ud,22,find
48-60mo,ud,23,remember
48-60mo,ud,24,need
48-60mo,ud,25,give
48-60mo,ud,26,talk
48-60mo,ud,27,try
48-60mo,ud,28,start
48-60mo,ud,29,use
48-60mo,ud,30,can
48-60mo,ud,31,call
48-60mo,ud,32,hear
48-60mo,ud,33,read
48-60mo,ud,34,fall
48-60mo,ud,35,bring
48-60mo,ud,36,feel
48-60mo,ud,37,walk
48-60mo,ud,38,ask
48-60mo,ud,39,sit
48-60mo,ud,40,fly
48-60mo,ud,41,love
48-60mo,ud,42,stay
48-60mo,ud,43,run
48-60mo,ud,44,buy
48-60mo,ud,45,guess
48-60mo,ud,46,help
48-60mo,ud,47,work
48-60mo,ud,48,turn
48-60mo,ud,49,forget
48-60mo,ud,50,build
48-60mo,ud,51,keep
48-60mo,ud,52,leave
48-60mo,ud,53,let
48-60mo,ud,54,watch
48-60mo,ud,55,show
48-60mo,ud,56,wear
48-60mo,ud,57,jump
48-60mo,ud,58,finish
48-60mo,ud,59,pick
48-60mo,ud,60,sound
48-60mo,ud,61,hit
48-60mo,ud,62,drive
48-60mo,ud,63,live
48-60mo,ud,64,write
48-60mo,ud,65,hold
48-60mo,ud,66,move
48-60mo,ud,67,wait
48-60mo,ud,68,hurt
48-60mo,ud,69,will
48-60mo,ud,70,sleep
48-60mo,ud,71,break
48-60mo,ud,72,learn
48-60mo,ud,73,stop
48-60mo,ud,74,drink
48-60mo,ud,75,lay
48-60mo,ud,76,bet
48-60mo,ud,77,fit
48-60mo,ud,78,lose
48-60mo,ud,79,grow
48-60mo,ud,80,cut
48-60mo,ud,81,wonder
48-60mo,ud,82,win
48-60mo,ud,83,wave
48-60mo,ud,84,understand
48-60mo,ud,85,catch
48-60mo,ud,86,cry
48-60mo,ud,87,nibble
48-60mo,ud,88,draw
48-60mo,ud,89,miss
48-60mo,ud,90,fix
48-60mo,ud,91,rain
48-60mo,ud,92,open
48-60mo,ud,93,hope
48-60mo,ud,94,could
48-60mo,ud,95,pretend
48-60mo,ud,96,push
48-60mo,ud,97,throw
48-60mo,ud,98,would
48-60mo,ud,99,stand
48-60mo,ud,100,sing
60-72mo,spacy,1,be
60-72mo,spacy,2,go
60-72mo,spacy,3,do
60-72mo,spacy,4,have
60-72mo,spacy,5,know
60-72mo,spacy,6,get
60-72mo,spacy,7,think
60-72mo,spacy,8,see
60-72mo,spacy,9,like
60-72mo,spacy,10,want
60-72mo,spacy,11,say
60-72mo,spacy,12,look
60-72mo,spacy,13,tell
60-72mo,spacy,14,wanna
60-72mo,spacy,15,happen
60-72mo,spacy,16,put
60-72mo,spacy,17,make
60-72mo,spacy,18,play
60-72mo,spacy,19,eat
60-72mo,spacy,20,come
60-72mo,spacy,21,die
60-72mo,spacy,22,take
60-72mo,spacy,23,remember
60-72mo,spacy,24,find
60-72mo,spacy,25,can
60-72mo,spacy,26,need
60-72mo,spacy,27,give
60-72mo,spacy,28,siapa
60-72mo,spacy,29,try
60-72mo,spacy,30,live
60-72mo,spacy,31,dulu
60-72mo,spacy,32,ist
60-72mo,spacy,33,use
60-72mo,spacy,34,sound
60-72mo,spacy,35,read
60-72mo,spacy,36,sit
60-72mo,spacy,37,start
60-72mo,spacy,38,talk
60-72mo,spacy,39,mean
60-72mo,spacy,40,m
60-72mo,spacy,41,call
60-72mo,spacy,42,ask
60-72mo,spacy,43,fall
60-72mo,spacy,44,stick
60-72mo,spacy,45,hear
60-72mo,spacy,46,hold
60-72mo,spacy,47,den
60-72mo,spacy,48,run
60-72mo,spacy,49,help
60-72mo,spacy,50,turn
60-72mo,spacy,51,apa
60-72mo,spacy,52,watch
60-72mo,spacy,53,work
60-72mo,spacy,54,bet
60-72mo,spacy,55,walk
60-72mo,spacy,56,show
60-72mo,spacy,57,bring
60-72mo,spacy,58,fly
60-72mo,spacy,59,keep
60-72mo,spacy,60,mit
60-72mo,spacy,61,leave
60-72mo,spacy,62,open
60-72mo,spacy,63,move
60-72mo,spacy,64,aja
60-72mo,spacy,65,gell
60-72mo,spacy,66,finish
60-72mo,spacy,67,stay
60-72mo,spacy,68,und
60-72mo,spacy,69,drink
60-72mo,spacy,70,guess
60-72mo,spacy,71,ekki
60-72mo,spacy,72,feel
60-72mo,spacy,73,pick
60-72mo,spacy,74,drive
60-72mo,spacy,75,jump
60-72mo,spacy,76,love
60-72mo,spacy,77,let
60-72mo,spacy,78,wonder
60-72mo,spacy,79,grow
60-72mo,spacy,80,learn
60-72mo,spacy,81,build
60-72mo,spacy,82,pull
60-72mo,spacy,83,buy
60-72mo,spacy,84,hafta
60-72mo,spacy,85,nur
60-72mo,spacy,86,stop
60-72mo,spacy,87,win
60-72mo,spacy,88,will
60-72mo,spacy,89,stand
60-72mo,spacy,90,ride
60-72mo,spacy,91,wear
60-72mo,spacy,92,fit
60-72mo,spacy,93,kalo
60-72mo,spacy,94,cut
60-72mo,spacy,95,break
60-72mo,spacy,96,pretend
60-72mo,spacy,97,sleep
60-72mo,spacy,98,wait
60-72mo,spacy,99,hurt
60-72mo,spacy,100,forget
60-72mo,ud,1,go
60-72mo,ud,2,do
60-72mo,ud,3,have
60-72mo,ud,4,know
60-72mo,ud,5,want
60-72mo,ud,6,get
60-72mo,ud,7,be
60-72mo,ud,8,think
60-72mo,ud,9,say
60-72mo,ud,10,like
60-72mo,ud,11,see
60-72mo,ud,12,eat
60-72mo,ud,13,look
60-72mo,ud,14,make
60-72mo,ud,15,tell
60-72mo,ud,16,come
60-72mo,ud,17,put
60-72mo,ud,18,play
60-72mo,ud,19,happen
60-72mo,ud,20,take
60-72mo,ud,21,need
60-72mo,ud,22,start
60-72mo,ud,23,read
60-72mo,ud,24,mean
60-72mo,ud,25,find
60-72mo,ud,26,use
60-72mo,ud,27,call
60-72mo,ud,28,give
60-72mo,ud,29,live
60-72mo,ud,30,remember
60-72mo,ud,31,try
60-72mo,ud,32,stick
60-72mo,ud,33,talk
60-72mo,ud,34,hear
60-72mo,ud,35,sit
60-72mo,ud,36,can
60-72mo,ud,37,work
60-72mo,ud,38,hit
60-72mo,ud,39,keep
60-72mo,ud,40,feel
60-72mo,ud,41,stay
60-72mo,ud,42,love
60-72mo,ud,43,turn
60-72mo,ud,44,help
60-72mo,ud,45,bring
60-72mo,ud,46,ask
60-72mo,ud,47,drink
60-72mo,ud,48,fall
60-72mo,ud,49,fly
60-72mo,ud,50,move
60-72mo,ud,51,pick
60-72mo,ud,52,grow
60-72mo,ud,53,guess
60-72mo,ud,54,show
60-72mo,ud,55,leave
60-72mo,ud,56,run
60-72mo,ud,57,sound
60-72mo,ud,58,let
60-72mo,ud,59,walk
60-72mo,ud,60,wear
60-72mo,ud,61,build
60-72mo,ud,62,open
60-72mo,ud,63,finish
60-72mo,ud,64,watch
60-72mo,ud,65,learn
60-72mo,ud,66,drive
60-72mo,ud,67,roll
60-72mo,ud,68,jump
60-72mo,ud,69,wave
60-72mo,ud,70,wash
60-72mo,ud,71,hold
60-72mo,ud,72,will
60-72mo,ud,73,wonder
60-72mo,ud,74,hurt
60-72mo,ud,75,wait
60-72mo,ud,76,buy
60-72mo,ud,77,touch
60-72mo,ud,78,forget
60-72mo,ud,79,stop
60-72mo,ud,80,end
60-72mo,ud,81,lay
60-72mo,ud,82,pull
60-72mo,ud,83,press
60-72mo,ud,84,bet
60-72mo,ud,85,push
60-72mo,ud,86,brush
60-72mo,ud,87,cut
60-72mo,ud,88,miss
60-72mo,ud,89,would
60-72mo,ud,90,scare
60-72mo,ud,91,fit
60-72mo,ud,92,pretend
60-72mo,ud,93,nibble
60-72mo,ud,94,count
60-72mo,ud,95,paint
60-72mo,ud,96,understand
60-72mo,ud,97,feed
60-72mo,ud,98,hope
60-72mo,ud,99,carry
60-72mo,ud,100,break
72-84mo,spacy,1,be
72-84mo,spacy,2,do
72-84mo,spacy,3,go
72-84mo,spacy,4,have
72-84mo,spacy,5,know
72-84mo,spacy,6,think
72-84mo,spacy,7,get
72-84mo,spacy,8,die
72-84mo,spacy,9,see
72-84mo,spacy,10,like
72-84mo,spacy,11,happen
72-84mo,spacy,12,want
72-84mo,spacy,13,say
72-84mo,spacy,14,play
72-84mo,spacy,15,wanna
72-84mo,spacy,16,tell
72-84mo,spacy,17,make
72-84mo,spacy,18,ist
72-84mo,spacy,19,look
72-84mo,spacy,20,put
72-84mo,spacy,21,come
72-84mo,spacy,22,take
72-84mo,spacy,23,den
72-84mo,spacy,24,gell
72-84mo,spacy,25,remember
72-84mo,spacy,26,mit
72-84mo,spacy,27,can
72-84mo,spacy,28,eat
72-84mo,spacy,29,find
72-84mo,spacy,30,und
72-84mo,spacy,31,nur
72-84mo,spacy,32,m
72-84mo,spacy,33,siapa
72-84mo,spacy,34,read
72-84mo,spacy,35,need
72-84mo,spacy,36,live
72-84mo,spacy,37,give
72-84mo,spacy,38,ask
72-84mo,spacy,39,help
72-84mo,spacy,40,talk
72-84mo,spacy,41,alle
72-84mo,spacy,42,watch
72-84mo,spacy,43,mean
72-84mo,spacy,44,fall
72-84mo,spacy,45,sound
72-84mo,spacy,46,start
72-84mo,spacy,47,show
72-84mo,spacy,48,walk
72-84mo,spacy,49,apa
72-84mo,spacy,50,dulu
72-84mo,spacy,51,try
72-84mo,spacy,52,use
72-84mo,spacy,53,hear
72-84mo,spacy,54,win
72-84mo,spacy,55,call
72-84mo,spacy,56,ihr
72-84mo,spacy,57,drive
72-84mo,spacy,58,un
72-84mo,spacy,59,hold
72-84mo,spacy,60,pick
72-84mo,spacy,61,sit
72-84mo,spacy,62,bring
72-84mo,spacy,63,etwa
72-84mo,spacy,64,aja
72-84mo,spacy,65,fix
72-84mo,spacy,66,turn
72-84mo,spacy,67,hafta
72-84mo,spacy,68,learn
72-84mo,spacy,69,finish
72-84mo,spacy,70,run
72-84mo,spacy,71,catch
72-84mo,spacy,72,geht
72-84mo,spacy,73,grow
72-84mo,spacy,74,write
72-84mo,spacy,75,draw
72-84mo,spacy,76,bet
72-84mo,spacy,77,schon
72-84mo,spacy,78,leave
72-84mo,spacy,79,work
72-84mo,spacy,80,guess
72-84mo,spacy,81,wear
72-84mo,spacy,82,meet
72-84mo,spacy,83,jump
72-84mo,spacy,84,hurt
72-84mo,spacy,85,paint
72-84mo,spacy,86,wish
72-84mo,spacy,87,guck
72-84mo,spacy,88,break
72-84mo,spacy,89,open
72-84mo,spacy,90,fight
72-84mo,spacy,91,will
72-84mo,spacy,92,let
72-84mo,spacy,93,move
72-84mo,spacy,94,love
72-84mo,spacy,95,sew
72-84mo,spacy,96,kalo
72-84mo,spacy,97,buy
72-84mo,spacy,98,sleep
72-84mo,spacy,99,sing
72-84mo,spacy,100,needta
72-84mo,ud,1,do
72-84mo,ud,2,go
72-84mo,ud,3,think
72-84mo,ud,4,have
72-84mo,ud,5,know
72-84mo,ud,6,want
72-84mo,ud,7,say
72-84mo,ud,8,be
72-84mo,ud,9,get
72-84mo,ud,10,see
72-84mo,ud,11,like
72-84mo,ud,12,tell
72-84mo,ud,13,make
72-84mo,ud,14,look
72-84mo,ud,15,mean
72-84mo,ud,16,play
72-84mo,ud,17,start
72-84mo,ud,18,come
72-84mo,ud,19,eat
72-84mo,ud,20,put
72-84mo,ud,21,happen
72-84mo,ud,22,take
72-84mo,ud,23,remember
72-84mo,ud,24,read
72-84mo,ud,25,hit
72-84mo,ud,26,need
72-84mo,ud,27,call
72-84mo,ud,28,try
72-84mo,ud,29,use
72-84mo,ud,30,give
72-84mo,ud,31,can
72-84mo,ud,32,wear
72-84mo,ud,33,help
72-84mo,ud,34,talk
72-84mo,ud,35,move
72-84mo,ud,36,sound
72-84mo,ud,37,hear
72-84mo,ud,38,love
72-84mo,ud,39,paint
72-84mo,ud,40,work
72-84mo,ud,41,ask
72-84mo,ud,42,show
72-84mo,ud,43,learn
72-84mo,ud,44,bet
72-84mo,ud,45,brush
72-84mo,ud,46,guess
72-84mo,ud,47,feed
72-84mo,ud,48,keep
72-84mo,ud,49,wash
72-84mo,ud,50,grow
72-84mo,ud,51,share
72-84mo,ud,52,pick
72-84mo,ud,53,dress
72-84mo,ud,54,find
72-84mo,ud,55,understand
72-84mo,ud,56,live
72-84mo,ud,57,fix
72-84mo,ud,58,turn
72-84mo,ud,59,press
72-84mo,ud,60,let
72-84mo,ud,61,feel
72-84mo,ud,62,sit
72-84mo,ud,63,skip
72-84mo,ud,64,finish
72-84mo,ud,65,hold
72-84mo,ud,66,will
72-84mo,ud,67,bring
72-84mo,ud,68,watch
72-84mo,ud,69,drive
72-84mo,ud,70,build
72-84mo,ud,71,write
72-84mo,ud,72,fall
72-84mo,ud,73,forget
72-84mo,ud,74,could
72-84mo,ud,75,jump
72-84mo,ud,76,walk
72-84mo,ud,77,catch
72-84mo,ud,78,run
72-84mo,ud,79,push
72-84mo,ud,80,win
72-84mo,ud,81,lose
72-84mo,ud,82,throw
72-84mo,ud,83,would
72-84mo,ud,84,believe
72-84mo,ud,85,buy
72-84mo,ud,86,stay
72-84mo,ud,87,miss
72-84mo,ud,88,pretend
72-84mo,ud,89,speak
72-84mo,ud,90,draw
72-84mo,ud,91,sew
72-84mo,ud,92,stop
72-84mo,ud,93,hurt
72-84mo,ud,94,pour
72-84mo,ud,95,drink
72-84mo,ud,96,die
72-84mo,ud,97,hate
72-84mo,ud,98,break
72-84mo,ud,99,fly
72-84mo,ud,100,tie
84-96mo,spacy,1,be
84-96mo,spacy,2,do
84-96mo,spacy,3,go
84-96mo,spacy,4,have
84-96mo,spacy,5,know
84-96mo,spacy,6,get
84-96mo,spacy,7,think
84-96mo,spacy,8,say
84-96mo,spacy,9,see
84-96mo,spacy,10,like
84-96mo,spacy,11,die
84-96mo,spacy,12,want
84-96mo,spacy,13,wanna
84-96mo,spacy,14,put
84-96mo,spacy,15,tell
84-96mo,spacy,16,make
84-96mo,spacy,17,eat
84-96mo,spacy,18,play
84-96mo,spacy,19,happen
84-96mo,spacy,20,come
84-96mo,spacy,21,look
84-96mo,spacy,22,ist
84-96mo,spacy,23,write
84-96mo,spacy,24,remember
84-96mo,spacy,25,take
84-96mo,spacy,26,read
84-96mo,spacy,27,mean
84-96mo,spacy,28,give
84-96mo,spacy,29,mit
84-96mo,spacy,30,need
84-96mo,spacy,31,gell
84-96mo,spacy,32,find
84-96mo,spacy,33,ask
84-96mo,spacy,34,und
84-96mo,spacy,35,talk
84-96mo,spacy,36,den
84-96mo,spacy,37,try
84-96mo,spacy,38,nur
84-96mo,spacy,39,can
84-96mo,spacy,40,start
84-96mo,spacy,41,live
84-96mo,spacy,42,hear
84-96mo,spacy,43,sound
84-96mo,spacy,44,help
84-96mo,spacy,45,call
84-96mo,spacy,46,watch
84-96mo,spacy,47,use
84-96mo,spacy,48,show
84-96mo,spacy,49,sit
84-96mo,spacy,50,m
84-96mo,spacy,51,work
84-96mo,spacy,52,run
84-96mo,spacy,53,bring
84-96mo,spacy,54,walk
84-96mo,spacy,55,love
84-96mo,spacy,56,guess
84-96mo,spacy,57,dulu
84-96mo,spacy,58,finish
84-96mo,spacy,59,leave
84-96mo,spacy,60,move
84-96mo,spacy,61,hold
84-96mo,spacy,62,turn
84-96mo,spacy,63,win
84-96mo,spacy,64,feel
84-96mo,spacy,65,alle
84-96mo,spacy,66,fall
84-96mo,spacy,67,spell
84-96mo,spacy,68,ihr
84-96mo,spacy,69,siapa
84-96mo,spacy,70,let
84-96mo,spacy,71,miss
84-96mo,spacy,72,hafta
84-96mo,spacy,73,keep
84-96mo,spacy,74,pick
84-96mo,spacy,75,buy
84-96mo,spacy,76,sing
84-96mo,spacy,77,bet
84-96mo,spacy,78,forget
84-96mo,spacy,79,stop
84-96mo,spacy,80,apa
84-96mo,spacy,81,cut
84-96mo,spacy,82,etwa
84-96mo,spacy,83,un
84-96mo,spacy,84,needta
84-96mo,spacy,85,will
84-96mo,spacy,86,lie
84-96mo,spacy,87,stand
84-96mo,spacy,88,stay
84-96mo,spacy,89,jump
84-96mo,spacy,90,grow
84-96mo,spacy,91,understand
84-96mo,spacy,92,learn
84-96mo,spacy,93,taste
84-96mo,spacy,94,fight
84-96mo,spacy,95,sleep
84-96mo,spacy,96,wait
84-96mo,spacy,97,useta
84-96mo,spacy,98,ride
84-96mo,spacy,99,pull
84-96mo,spacy,100,geht
84-96mo,ud,1,go
84-96mo,ud,2,do
84-96mo,ud,3,want
84-96mo,ud,4,have
84-96mo,ud,5,think
84-96mo,ud,6,know
84-96mo,ud,7,be
84-96mo,ud,8,get
84-96mo,ud,9,say
84-96mo,ud,10,like
84-96mo,ud,11,see
84-96mo,ud,12,tell
84-96mo,ud,13,make
84-96mo,ud,14,eat
84-96mo,ud,15,look
84-96mo,ud,16,read
84-96mo,ud,17,put
84-96mo,ud,18,mean
84-96mo,ud,19,start
84-96mo,ud,20,come
84-96mo,ud,21,play
84-96mo,ud,22,write
84-96mo,ud,23,hit
84-96mo,ud,24,take
84-96mo,ud,25,need
84-96mo,ud,26,try
84-96mo,ud,27,use
84-96mo,ud,28,give
84-96mo,ud,29,help
84-96mo,ud,30,remember
84-96mo,ud,31,call
84-96mo,ud,32,can
84-96mo,ud,33,happen
84-96mo,ud,34,love
84-96mo,ud,35,move
84-96mo,ud,36,hear
84-96mo,ud,37,work
84-96mo,ud,38,sound
84-96mo,ud,39,talk
84-96mo,ud,40,wear
84-96mo,ud,41,feel
84-96mo,ud,42,ask
84-96mo,ud,43,guess
84-96mo,ud,44,live
84-96mo,ud,45,learn
84-96mo,ud,46,sit
84-96mo,ud,47,keep
84-96mo,ud,48,paint
84-96mo,ud,49,find
84-96mo,ud,50,pick
84-96mo,ud,51,finish
84-96mo,ud,52,grow
84-96mo,ud,53,spell
84-96mo,ud,54,forget
84-96mo,ud,55,brush
84-96mo,ud,56,bring
84-96mo,ud,57,skip
84-96mo,ud,58,share
84-96mo,ud,59,wash
84-96mo,ud,60,miss
84-96mo,ud,61,let
84-96mo,ud,62,stop
84-96mo,ud,63,show
84-96mo,ud,64,dress
84-96mo,ud,65,leave
84-96mo,ud,66,turn
84-96mo,ud,67,wait
84-96mo,ud,68,press
84-96mo,ud,69,understand
84-96mo,ud,70,build
84-96mo,ud,71,haft
84-96mo,ud,72,walk
84-96mo,ud,73,will
84-96mo,ud,74,buy
84-96mo,ud,75,watch
84-96mo,ud,76,fall
84-96mo,ud,77,would
84-96mo,ud,78,hold
84-96mo,ud,79,feed
84-96mo,ud,80,stay
84-96mo,ud,81,become
84-96mo,ud,82,hurt
84-96mo,ud,83,pretend
84-96mo,ud,84,bet
84-96mo,ud,85,teach
84-96mo,ud,86,send
84-96mo,ud,87,flip
84-96mo,ud,88,win
84-96mo,ud,89,cut
84-96mo,ud,90,swing
84-96mo,ud,91,figure
84-96mo,ud,92,hope
84-96mo,ud,93,notice
84-96mo,ud,94,throw
84-96mo,ud,95,sleep
84-96mo,ud,96,listen
84-96mo,ud,97,sing
84-96mo,ud,98,tie
84-96mo,ud,99,believe
84-96mo,ud,100,break
