z,mse
0.1,0.0002804180300068159
0.11,0.00028007605669360487
0.12,0.000279719370598617
0.13,0.0002793473563256665
0.13999999999999999,0.00027895937692214596
0.14999999999999997,0.00027855477348087725
0.15999999999999998,0.0002781328647674255
0.16999999999999998,0.00027769294687663077
0.17999999999999997,0.00027723429292237777
0.18999999999999995,0.0002767561527648839
0.19999999999999996,0.00027625775278006774
0.20999999999999996,0.0002757382956758315
0.21999999999999995,0.00027519696036037685
0.22999999999999995,0.0002746329018679532
0.23999999999999994,0.0002740452513477228
0.24999999999999992,0.0002734331161217013
0.2599999999999999,0.0002727955798180156
0.2699999999999999,0.000272131702585975
0.2799999999999999,0.00027144052139971763
0.2899999999999999,0.0002707210504574257
0.29999999999999993,0.0002699722816833327
0.30999999999999994,0.00026919318533993435
0.3199999999999999,0.00026838271075799755
0.32999999999999985,0.00026753978719209196
0.33999999999999986,0.0002666633248094784
0.34999999999999987,0.00026575221582024027
0.3599999999999999,0.00026480533575656243
0.3699999999999999,0.00026382154490901
0.3799999999999999,0.0002627996899275622
0.3899999999999999,0.000261738605594975
0.3999999999999998,0.000260637116779806
0.4099999999999998,0.00025949404057609964
0.4199999999999998,0.00025830818863631865
0.4299999999999998,0.00025707836970359163
0.43999999999999984,0.00025580339234873583
0.44999999999999984,0.0002544820679167892
0.45999999999999985,0.00025311321368695806
0.46999999999999986,0.00025169565624892296
0.47999999999999976,0.0002502282350973789
0.48999999999999977,0.00024870980644547356
0.4999999999999998,0.00024713924725648195
0.5099999999999998,0.00024551545949158494
0.5199999999999998,0.00024383737457003073
0.5299999999999998,0.0002421039580362315
0.5399999999999998,0.00024031421442649966
0.5499999999999998,0.00023846719232616266
0.5599999999999997,0.00023656198960571114
0.5699999999999997,0.00023459775882245647
0.5799999999999997,0.00023257371277190202
0.5899999999999997,0.00023048913017068555
0.5999999999999998,0.0002283433614505498
0.6099999999999998,0.00022613583464035886
0.6199999999999998,0.00022386606131073104
0.6299999999999997,0.00022153364255341406
0.6399999999999997,0.00021913827496514127
0.6499999999999997,0.00021667975660337476
0.6599999999999997,0.00021415799287913116
0.6699999999999997,0.00021157300234999726
0.6799999999999997,0.00020892492237455063
0.6899999999999997,0.00020621401458769932
0.6999999999999996,0.00020344067015502567
0.7099999999999996,0.0002006054147630643
0.7199999999999996,0.00019770891330162058
0.7299999999999996,0.00019475197419377248
0.7399999999999997,0.000191735553329131
0.7499999999999997,0.00018866075755628626
0.7599999999999997,0.00018552884769117785
0.7699999999999997,0.00018234124099940235
0.7799999999999997,0.00017909951311224516
0.7899999999999996,0.00017580539933849363
0.7999999999999996,0.0001724607953368631
0.8099999999999996,0.00016906775711714829
0.8199999999999996,0.00016562850034198008
0.8299999999999996,0.00016214539890531117
0.8399999999999996,0.0001586209827684422
0.8499999999999996,0.0001550579350394966
0.8599999999999995,0.00015145908828771918
0.8699999999999996,0.0001478274200897531
0.8799999999999996,0.00014416604781108752
0.8899999999999996,0.00014047822263209744
0.8999999999999996,0.00013676732283444693
0.9099999999999996,0.00013303684637002103
0.9199999999999996,0.00012929040274091161
0.9299999999999996,0.0001255317042252265
0.9399999999999996,0.00012176455648953351
0.9499999999999995,0.00011799284863451693
0.9599999999999995,0.00011422054272582591
0.9699999999999995,0.00011045166286705998
0.9799999999999995,0.00010669028387629531
0.9899999999999995,0.00010294051963144448
0.9999999999999996,9.92065111529954e-05
1.0099999999999996,9.549241449526213e-05
1.0199999999999996,9.180238851914376e-05
1.0299999999999996,8.814058262051891e-05
1.0399999999999996,8.451112448877098e-05
1.0499999999999996,8.091810796955448e-05
1.0599999999999996,7.736558110476827e-05
1.0699999999999996,7.385753442082951e-05
1.0799999999999996,7.039788953376372e-05
1.0899999999999996,6.699048813638522e-05
1.0999999999999996,6.363908142899018e-05
1.1099999999999997,6.034732005057543e-05
1.1199999999999997,5.711874456269893e-05
1.1299999999999997,5.3956776532782435e-05
1.1399999999999997,5.0864710257999014e-05
1.1499999999999995,4.784570516496712e-05
1.1599999999999995,4.490277891436616e-05
1.1699999999999995,4.203880123338242e-05
1.1799999999999995,3.925648849265746e-05
1.1899999999999995,3.65583990382315e-05
1.1999999999999995,3.3946929282913305e-05
1.2099999999999995,3.1424310555639875e-05
1.2199999999999995,2.899260670177154e-05
1.2299999999999995,2.6653712421957518e-05
1.2399999999999995,2.4409352332247843e-05
1.2499999999999996,2.2261080723565638e-05
1.2599999999999996,2.021028199451346e-05
1.2699999999999996,1.8258171727799793e-05
1.2799999999999996,1.6405798377349328e-05
1.2899999999999996,1.4654045530414544e-05
1.2999999999999994,1.3003634706737356e-05
1.3099999999999994,1.1455128655012817e-05
1.3199999999999994,1.0008935105575114e-05
1.3299999999999994,8.665310937336545e-06
1.3399999999999994,7.424366716550425e-06
1.3499999999999994,6.286071564906226e-06
1.3599999999999994,5.250258314776935e-06
1.3699999999999994,4.316628910091135e-06
1.3799999999999994,3.4847600122639756e-06
1.3899999999999995,2.7541087718587256e-06
1.3999999999999995,2.124018728127146e-06
1.4099999999999995,1.5937258002614385e-06
1.4199999999999995,1.1623643360457007e-06
1.4299999999999995,8.289731855900496e-07
1.4399999999999995,5.925017699319527e-07
1.4499999999999995,4.5181611646868765e-07
1.4599999999999995,4.0570483541254306e-07
1.4699999999999993,4.5288501371086445e-07
1.4799999999999993,5.920080051225393e-07
1.4899999999999993,8.216650973693676e-07
1.4999999999999993,1.140393039465829e-06
1.5099999999999993,1.5466794144577616e-06
1.5199999999999994,2.0389678448542485e-06
1.5299999999999994,2.615663020006617e-06
1.5399999999999994,3.275135536563257e-06
1.5499999999999994,4.015726544901165e-06
1.5599999999999994,4.835752196099764e-06
1.5699999999999994,5.733507885574635e-06
1.5799999999999994,6.707272290925737e-06
1.5899999999999994,7.755311202877803e-06
1.5999999999999994,8.875881149396573e-06
1.6099999999999994,1.0067232814157527e-05
1.6199999999999992,1.1327614251527001e-05
1.6299999999999992,1.2655273901089279e-05
1.6399999999999992,1.4048463405523258e-05
1.6499999999999992,1.55054402363052e-05
1.6599999999999993,1.7024470132290745e-05
1.6699999999999993,1.8603829356718445e-05
1.6799999999999993,2.024180677858355e-05
1.6899999999999993,2.1936705784657953e-05
1.6999999999999993,2.3686846028692083e-05
1.7099999999999993,2.549056502452308e-05
1.7199999999999993,2.7346219589946648e-05
1.7299999999999993,2.9252187148288315e-05
1.7399999999999993,3.12068668946348e-05
1.7499999999999993,3.320868083367384e-05
1.7599999999999993,3.525607469603446e-05
1.7699999999999994,3.734751873993098e-05
1.7799999999999994,3.948150844479767e-05
1.7899999999999991,4.1656565103452716e-05
1.7999999999999992,4.387123631917137e-05
1.8099999999999992,4.6124096413854305e-05
1.8199999999999992,4.841374675329108e-05
1.8299999999999992,5.07388159952957e-05
1.8399999999999992,5.3097960266278945e-05
1.8499999999999992,5.548986327159538e-05
1.8599999999999992,5.791323634476738e-05
1.8699999999999992,6.036681844046154e-05
1.8799999999999992,6.284937607585349e-05
1.8899999999999992,6.535970322478724e-05
1.8999999999999992,6.78966211689032e-05
1.9099999999999993,7.04589783096822e-05
1.9199999999999993,7.304564994512726e-05
1.9299999999999993,7.565553801459228e-05
1.939999999999999,7.828757081504618e-05
1.949999999999999,8.094070269186756e-05
1.959999999999999,8.361391370705323e-05
1.969999999999999,8.630620928754378e-05
1.979999999999999,8.901661985617908e-05
1.989999999999999,9.174420044762383e-05
1.9999999999999991,9.448803031143376e-05
2.009999999999999,9.724721250427421e-05
2.019999999999999,0.00010002087347315009
2.029999999999999,0.00010280816263135963
2.039999999999999,0.0001056082519287549
2.049999999999999,0.00010842033541774925
2.059999999999999,0.00011124362881640643
2.069999999999999,0.00011407736906981868
2.079999999999999,0.0001169208139108786
2.089999999999999,0.00011977324142144706
2.099999999999999,0.0001226339495948296
2.109999999999999,0.00012550225590037385
2.119999999999999,0.0001283774968509337
2.129999999999999,0.00013125902757385157
2.1399999999999992,0.00013414622138605809
2.149999999999999,0.00013703846937379992
2.1599999999999993,0.00013993517997747042
2.169999999999999,0.00014283577858193193
2.1799999999999993,0.00014573970711269696
2.189999999999999,0.00014864642363825886
2.199999999999999,0.0001515554019788383
2.209999999999999,0.00015446613132175975
2.219999999999999,0.00015737811584364006
2.229999999999999,0.00016029087433953293
2.239999999999999,0.00016320393985914616
2.249999999999999,0.00016611685935021702
2.259999999999999,0.00016902919330910335
2.269999999999999,0.00017194051543863235
2.279999999999999,0.00017485041231321473
2.289999999999999,0.00017775848305122971
2.299999999999999,0.00018066433899465074
2.309999999999999,0.00018356760339588297
2.319999999999999,0.00018646791111175603
2.329999999999999,0.0001893649083046155
2.339999999999999,0.00019225825215043497
2.3499999999999988,0.000195147610553871
2.359999999999999,0.0001980326618701632
2.3699999999999988,0.00020091309463378954
2.379999999999999,0.00020378860729376619
2.389999999999999,0.00020665890795548608
2.399999999999999,0.00020952371412897886
2.409999999999999,0.0002123827524834792
2.419999999999999,0.00021523575860817826
2.429999999999999,0.00021808247677904133
2.439999999999999,0.00022092265973155467
2.449999999999999,0.00022375606843929593
2.459999999999999,0.00022658247189818334
2.469999999999999,0.0002294016469162836
2.479999999999999,0.0002322133779090523
2.489999999999999,0.00023501745669988417
2.4999999999999987,0.00023781368232583287
2.509999999999999,0.0002406018608483972
2.5199999999999987,0.00024338180516923148
2.529999999999999,0.00024615333485066286
2.5399999999999987,0.0002489162759409046
2.549999999999999,0.000251670460803831
2.5599999999999987,0.00025441572795320794
2.569999999999999,0.000257151921891259
2.5799999999999987,0.0002598788929514552
2.589999999999999,0.00026259649714541807
2.5999999999999988,0.0002653045960138235
2.609999999999999,0.0002680030564812097
2.6199999999999988,0.00027069175071456634
2.629999999999999,0.00027337055598562824
2.639999999999999,0.00027603935453674865
2.649999999999999,0.0002786980334502731
2.659999999999999,0.00028134648452131145
2.6699999999999986,0.00028398460413381284
2.679999999999999,0.00028661229313986096
2.6899999999999986,0.00028922945674209413
2.699999999999999,0.0002918360043791706
2.7099999999999986,0.00029443184961418863
2.719999999999999,0.0002970169100259891
2.7299999999999986,0.0002995911071032526
2.739999999999999,0.0003021543661413208
2.7499999999999987,0.0003047066161416619
2.759999999999999,0.0003072477897139157
2.7699999999999987,0.0003097778229804347
2.779999999999999,0.00031229665548326727
2.7899999999999987,0.00031480423009350243
2.799999999999999,0.0003173004929229259
2.8099999999999987,0.000319785393237908
2.819999999999999,0.00032225888337547776
2.8299999999999987,0.00032472091866151174
2.8399999999999985,0.00032717145733099
2.8499999999999988,0.0003296104604502534
2.8599999999999985,0.0003320378918412185
2.8699999999999988,0.000334453718007487
2.8799999999999986,0.00033685790806230274
2.889999999999999,0.00033925043365831453
2.8999999999999986,0.0003416312689190785
2.909999999999999,0.000344000390372273
2.9199999999999986,0.00034635777688456475
2.929999999999999,0.000348703409598093
2.9399999999999986,0.000351037271868523
2.949999999999999,0.0003533593492046287
2.9599999999999986,0.00035566962920936227
2.969999999999999,0.00035796810152238117
2.9799999999999986,0.0003602547577639754
2.9899999999999984,0.00036252959148038225
2.9999999999999987,0.00036479259809042914
