rank,average_proportion,num_verbs,sd_proportion
1,0.40365786658911945,100,0.1664978142928872
2,0.1808827970567899,100,0.07673394680575552
3,0.1013774393716477,100,0.04412596853482552
4,0.06368872883414362,100,0.028561356801739362
5,0.045088719686454705,100,0.021105416069515326
6,0.03206702327904515,100,0.016731120870081027
7,0.02312899833710352,100,0.013927943013483223
8,0.014144172957341591,100,0.009322843257987006
9,0.010232088399707562,99,0.006738630608564111
10,0.007837775235878756,99,0.005477042405238239
11,0.0063545551006301305,99,0.0045724711053347356
12,0.00528830738237006,99,0.003305435974313593
13,0.004476411588077215,99,0.0027763290151140052
14,0.003929041602480677,99,0.002414769668360832
15,0.00349451721153053,99,0.002121691633240407
16,0.003117315026324332,99,0.0017998906927433674
17,0.002796099960760249,99,0.0016479190002618431
18,0.002576173148564672,99,0.0015335659131879514
19,0.0023721237007721984,98,0.0013228623300787943
20,0.0022384646474096605,98,0.001270874742311517
21,0.0021009811787812485,97,0.0011954923459650969
22,0.001991230150978837,97,0.0011504430049053636
23,0.0018697691000506922,97,0.0010396554416594807
24,0.0017899012567113384,97,0.0009907081974434018
25,0.0017363066299123722,97,0.0009620424649358041
26,0.0016060029316558161,97,0.0009003417936904222
27,0.0015055449478545931,97,0.0008137060750471901
28,0.001466464860286229,97,0.0007752392123746565
29,0.0013943974896302848,96,0.0007417284983752972
30,0.0013580070302642092,96,0.0007330291809435718
31,0.0013181975153786242,96,0.0007292492625325777
32,0.0012618595630093685,96,0.0006745671629329919
33,0.0012352269333406956,96,0.0006558446112294816
34,0.0011978574974716354,96,0.0006372010571995382
35,0.0011646729958999277,96,0.0006364749539500855
36,0.0011479118951330943,96,0.0006335824223883871
37,0.0011239095597839976,95,0.0006222162520005585
38,0.00109071586240722,95,0.0005780582236979449
39,0.0010474523704139772,95,0.0005782536345906985
40,0.0009981897067863888,95,0.000541407308761704
41,0.0009659053815129346,94,0.0005192007883555238
42,0.0009642225700466121,94,0.0005177020170213178
43,0.000955232281133673,94,0.0005218426756099824
44,0.0009317158028226328,94,0.0004934338383873382
45,0.0008890679533240421,94,0.000457491846178285
46,0.0008737738420726727,94,0.0004524140992806069
47,0.0008672368517825586,94,0.0004531964640721771
48,0.0008591934714184747,93,0.00044035743978615156
49,0.0008566066915143888,92,0.0004433285559119647
50,0.0008399302536228491,92,0.00043169130493474255
51,0.0008331218116257439,92,0.000432260367112662
52,0.0008106935177308493,92,0.0004264999185980995
53,0.0008002799091166534,92,0.00041635743924018867
54,0.0007997784297525293,92,0.0004158988014477466
55,0.0007819743500660369,92,0.00040581454466052355
56,0.0007519448696286412,92,0.0003855735548755162
57,0.0007388202428771278,92,0.00038464944472954966
58,0.0007275083286526137,92,0.00037414462333787917
59,0.0007206537042118944,89,0.00037131535898566237
60,0.0007023010598648702,88,0.00035105198991339893
61,0.0006888227049505342,86,0.00034460724630503884
62,0.0006846817308610999,85,0.00034674099494969826
63,0.0006800498308696888,85,0.00034976101268769603
64,0.0006746725436235758,85,0.00034744960295464205
65,0.0006681217813936369,84,0.00034828084440368203
66,0.000651577360321796,83,0.0003324013143140286
67,0.0006496496774481053,83,0.0003304047525356063
68,0.0006476414119225857,83,0.00033127226935812914
69,0.0006388617169939463,82,0.00033282997642570617
70,0.0006357244351198188,82,0.00033099651640273954
71,0.0006221368073528698,82,0.00032705393113220075
72,0.0006212717885828832,82,0.00032695184701888506
73,0.0006206115617594694,82,0.0003263705377736516
74,0.0006067079079097152,81,0.00031680263657282926
75,0.0005928375028610042,81,0.000307445256283221
76,0.0005888810283691898,80,0.0003065808093788402
77,0.0005864817445902833,79,0.00030734393819224635
78,0.0005811761723525389,79,0.00030726711385283375
79,0.0005690211705943688,79,0.0002941831802497698
80,0.000559932218487944,77,0.0002935625748505451
81,0.0005541488932001903,76,0.00028943642526952637
82,0.0005479900897010075,76,0.00028274308174222504
83,0.0005470345028399003,76,0.00028374310107044995
84,0.0005380812360778423,75,0.00027969619647608693
85,0.0005352791935834387,75,0.0002815249851449667
86,0.0005251296364173912,74,0.00027983317920238243
87,0.0005247787818760702,74,0.0002788983888136333
88,0.0005247787818760702,74,0.0002788983888136333
89,0.0005246112451352629,74,0.00027899517017595946
90,0.0005216189688751162,74,0.0002784199459616849
91,0.0005132477891922135,73,0.00027244036457085835
92,0.0004996463353945039,71,0.00027009076865351867
93,0.0004993636899119278,71,0.0002705034908400207
94,0.0004948513252150426,70,0.00026925870532480125
95,0.0004948513252150426,70,0.00026925870532480125
96,0.0004935355184281111,70,0.00026690383785104357
97,0.00048537945567380704,69,0.0002646325683277145
98,0.0004850031768903614,69,0.000263701463858152
99,0.00048051079649075217,69,0.0002572431938598613
100,0.00048210285568564434,68,0.0002577047909353788
101,0.0004725115822334374,65,0.00026080456313681214
102,0.0004628106682156257,64,0.00025566964524454116
103,0.00045627661008978607,63,0.00025388526057714404
104,0.00045598018969214994,63,0.0002541714550967565
105,0.00044541515076454576,62,0.0002501448467827966
106,0.00044777032420869256,61,0.00025151997241751523
107,0.0004473446973880739,61,0.00025052361144871463
108,0.0004473446973880739,61,0.00025052361144871463
109,0.00044666351054260925,61,0.0002513558820304891
110,0.0004424042513799113,60,0.00025137261270233524
111,0.0004376537725789189,58,0.00024826703354462784
112,0.0004362565269107363,58,0.00024724772018277726
113,0.00043577074478207784,58,0.000247808964547945
114,0.00043577074478207784,58,0.000247808964547945
115,0.0004259833559322627,56,0.00024399245460508394
116,0.0004243385974485985,56,0.0002415245666311737
117,0.0004204205460260045,55,0.00024381406604887727
118,0.0004204205460260045,55,0.00024381406604887727
119,0.00040582386312143975,52,0.00023969508249586553
120,0.0004042853846768737,52,0.0002402869447396551
121,0.0004042853846768737,52,0.0002402869447396551
122,0.00039995122042155867,52,0.0002448076473434456
123,0.0003979932923793301,52,0.00024680759033899154
124,0.00039256578425349493,52,0.0002409006901193915
125,0.00038998780869775986,51,0.00024255127088637505
126,0.00038998780869775986,51,0.00024255127088637505
127,0.0003871403777208999,51,0.00024409928322538944
128,0.0003845731641102905,51,0.00024302206261975166
129,0.0003811633520893309,50,0.000243767825536786
130,0.0003730603568925515,49,0.00023939383016625265
131,0.0003746869333286859,48,0.00024247085899914902
132,0.00036866844252042157,47,0.00024167382018939736
133,0.00036001186158294874,46,0.000236862564181646
134,0.00035710623391645884,46,0.0002349769014737603
135,0.00035145866258648494,45,0.00023445360618750023
136,0.00035145866258648494,45,0.00023445360618750023
137,0.0003478911443531895,44,0.00023628888002609466
138,0.00034676290748363357,44,0.0002372919812657395
139,0.0003350827773426145,43,0.00022727379610577346
140,0.0003346484869925895,43,0.0002276181148362309
141,0.0003346484869925895,43,0.0002276181148362309
142,0.00033357555439957965,43,0.00022778323522411247
143,0.0003329717582121903,43,0.0002268184437300218
144,0.0003329717582121903,43,0.0002268184437300218
145,0.00032842605571932704,43,0.00022758660248796525
146,0.0003280744156144758,42,0.0002305235628494079
147,0.0003280744156144758,42,0.0002305235628494079
148,0.00032762978501802163,42,0.00023089431256629708
149,0.00032682477349463805,41,0.0002328281260745056
150,0.00031036485096008277,40,0.0002102522178858719
151,0.0003080621890829528,40,0.0002069750454971207
152,0.000285388110244741,38,0.00019547869156438463
153,0.000285388110244741,38,0.00019547869156438463
154,0.000285388110244741,38,0.00019547869156438463
155,0.0002823448957761785,37,0.00019634022318194168
156,0.00027838254912369403,36,0.00019761931240242363
157,0.0002758159984651172,36,0.0001994609456073645
158,0.00027373083694834496,35,0.0002019744492151643
159,0.00027315747039797616,35,0.0002026258743811904
160,0.00027315747039797616,35,0.0002026258743811904
161,0.0002724156636534692,35,0.00020135051092951684
162,0.00027206144311576244,35,0.00020151790426229383
163,0.00027206144311576244,35,0.00020151790426229383
164,0.00026593524023132053,34,0.00020262230836673017
165,0.0002731135959853425,33,0.00020132576920765572
166,0.0002725477024989463,33,0.00020176428556705056
167,0.0002625298241332365,32,0.00019647740846517013
168,0.00026171847300643207,32,0.0001950997827620542
169,0.00026342513792555316,31,0.00019808182473772748
170,0.00026302521151201326,31,0.0001982817078036125
171,0.00026302521151201326,31,0.0001982817078036125
172,0.00026302521151201326,31,0.0001982817078036125
173,0.0002612788050758865,31,0.0001977634397438264
174,0.0002612788050758865,31,0.0001977634397438264
175,0.00026045911723741665,30,0.00020175158192677284
176,0.00025134877742945114,29,0.0001989435320059674
177,0.00025134877742945114,29,0.0001989435320059674
178,0.0002481726920816857,29,0.0001946506340549183
179,0.00024727740807969456,29,0.00019329050625923314
180,0.00024727740807969456,29,0.00019329050625923314
181,0.00024727740807969456,29,0.00019329050625923314
182,0.00024727740807969456,29,0.00019329050625923314
183,0.00024610965712734933,29,0.00019400946510187076
184,0.00024610965712734933,29,0.00019400946510187076
185,0.00022583134685912154,28,0.0001792995225815789
186,0.00022583134685912154,28,0.0001792995225815789
187,0.00022583134685912154,28,0.0001792995225815789
188,0.00022325637051779417,28,0.00017794476674085584
189,0.00022325637051779417,28,0.00017794476674085584
190,0.00022325637051779417,28,0.00017794476674085584
191,0.00022325637051779417,28,0.00017794476674085584
192,0.00022325637051779417,28,0.00017794476674085584
193,0.00022258942462311294,28,0.00017841140768705296
194,0.00022258942462311294,28,0.00017841140768705296
195,0.00022166216619247929,28,0.00017701432389678694
196,0.00021640875826264247,27,0.00017814812359144482
197,0.0002095169084394081,26,0.00018142455013744178
198,0.0002095169084394081,26,0.00018142455013744178
199,0.0002095169084394081,26,0.00018142455013744178
200,0.0002095169084394081,26,0.00018142455013744178
201,0.0001913723858379924,25,0.00015927914169949826
202,0.0001903338563956827,25,0.00015747929386031824
203,0.0001903338563956827,25,0.00015747929386031824
204,0.0001903338563956827,25,0.00015747929386031824
205,0.0001903338563956827,25,0.00015747929386031824
206,0.0001903338563956827,25,0.00015747929386031824
207,0.00018664959739227472,25,0.00015187215898496907
208,0.00018615368863948524,25,0.00015206328211729738
209,0.00018615368863948524,25,0.00015206328211729738
210,0.00018615368863948524,25,0.00015206328211729738
211,0.00018615368863948524,25,0.00015206328211729738
212,0.0001826862822594575,25,0.0001533497912607886
213,0.00015308098056135126,23,0.00011377893664022924
214,0.00014333411858058609,22,0.00010617450912770997
215,0.00014215397148705235,22,0.00010279447621701556
216,0.00014215397148705235,22,0.00010279447621701556
217,0.00014215397148705235,22,0.00010279447621701556
218,0.00014215397148705235,22,0.00010279447621701556
219,0.00014215397148705235,22,0.00010279447621701556
220,0.00014215397148705235,22,0.00010279447621701556
221,0.00014215397148705235,22,0.00010279447621701556
222,0.00014215397148705235,22,0.00010279447621701556
223,0.00014215397148705235,22,0.00010279447621701556
224,0.00014215397148705235,22,0.00010279447621701556
225,0.00014215397148705235,22,0.00010279447621701556
226,0.00014117819608713082,22,0.00010324164625148739
227,0.00014117819608713082,22,0.00010324164625148739
228,0.00014117819608713082,22,0.00010324164625148739
229,0.0001406146634135064,22,0.00010337375815245999
230,0.00013943451631997266,22,0.0001001862588959125
231,0.00013858567609037833,22,0.00010067303802822796
232,0.0001364885805676773,22,0.0001001492569681189
233,0.0001364885805676773,22,0.0001001492569681189
234,0.00013557640651027235,22,0.00010115498422192893
235,0.00013557640651027235,22,0.00010115498422192893
236,0.00013557640651027235,22,0.00010115498422192893
237,0.00013429570817108198,22,0.00010200687112245055
238,0.00013429570817108198,22,0.00010200687112245055
239,0.00013429570817108198,22,0.00010200687112245055
240,0.00013429570817108198,22,0.00010200687112245055
241,0.00013429570817108198,22,0.00010200687112245055
242,0.00013429570817108198,22,0.00010200687112245055
243,0.00013429570817108198,22,0.00010200687112245055
244,0.00013429570817108198,22,0.00010200687112245055
245,0.00013373217549745756,22,0.00010217245292588672
246,0.00013313343246979962,21,0.00010465605310020515
247,0.00013189708789562146,21,0.00010158499884380112
248,0.00013189708789562146,21,0.00010158499884380112
249,0.00013189708789562146,21,0.00010158499884380112
250,0.00013189708789562146,21,0.00010158499884380112
251,0.00013189708789562146,21,0.00010158499884380112
252,0.00013189708789562146,21,0.00010158499884380112
253,0.00013189708789562146,21,0.00010158499884380112
254,0.00013189708789562146,21,0.00010158499884380112
255,0.00013189708789562146,21,0.00010158499884380112
256,0.00013189708789562146,21,0.00010158499884380112
257,0.00013066074332144324,21,9.874377723043303e-05
258,0.00013066074332144324,21,9.874377723043303e-05
259,0.00013066074332144324,21,9.874377723043303e-05
260,0.00013066074332144324,21,9.874377723043303e-05
261,0.00013066074332144324,21,9.874377723043303e-05
262,0.00013066074332144324,21,9.874377723043303e-05
263,0.00013066074332144324,21,9.874377723043303e-05
264,0.00012627472069833855,21,8.924317102209213e-05
265,0.00012627472069833855,21,8.924317102209213e-05
266,0.00011970765858040006,20,8.738971066616021e-05
267,0.00011970765858040006,20,8.738971066616021e-05
268,0.00011970765858040006,20,8.738971066616021e-05
269,0.00011863430564048635,20,8.795720482798042e-05
270,0.00011863430564048635,20,8.795720482798042e-05
271,0.00011863430564048635,20,8.795720482798042e-05
272,0.00011863430564048635,20,8.795720482798042e-05
273,0.00011863430564048635,20,8.795720482798042e-05
274,0.00011863430564048635,20,8.795720482798042e-05
275,0.0001245422265541519,18,9.012010215705321e-05
276,0.0001245422265541519,18,9.012010215705321e-05
277,0.0001245422265541519,18,9.012010215705321e-05
278,0.0001245422265541519,18,9.012010215705321e-05
279,0.0001245422265541519,18,9.012010215705321e-05
280,0.0001245422265541519,18,9.012010215705321e-05
281,0.0001245422265541519,18,9.012010215705321e-05
282,0.0001245422265541519,18,9.012010215705321e-05
283,0.00012309982455094404,18,8.66518070085758e-05
284,0.00012053670780097606,18,8.685445793063148e-05
285,0.00012053670780097606,18,8.685445793063148e-05
286,0.00012053670780097606,18,8.685445793063148e-05
287,0.00012053670780097606,18,8.685445793063148e-05
288,0.00012053670780097606,18,8.685445793063148e-05
289,0.00012053670780097606,18,8.685445793063148e-05
290,0.00012053670780097606,18,8.685445793063148e-05
291,0.00012053670780097606,18,8.685445793063148e-05
292,0.00011614773991066514,18,8.684590157811593e-05
293,0.00011614773991066514,18,8.684590157811593e-05
294,0.00011614773991066514,18,8.684590157811593e-05
295,0.00011614773991066514,18,8.684590157811593e-05
296,0.00011614773991066514,18,8.684590157811593e-05
297,0.00012015760459345521,17,8.778432449569111e-05
298,0.00012015760459345521,17,8.778432449569111e-05
299,0.00011942832701582361,17,8.812972555867602e-05
300,0.00011942832701582361,17,8.812972555867602e-05
301,0.00011942832701582361,17,8.812972555867602e-05
302,0.00011790107783595643,17,8.475234302911632e-05
303,0.00011790107783595643,17,8.475234302911632e-05
304,0.00011790107783595643,17,8.475234302911632e-05
305,0.00011790107783595643,17,8.475234302911632e-05
306,0.00012112450818737214,16,8.644888181429287e-05
307,0.00011995735287167997,16,8.723992296003646e-05
308,0.00011492349591691734,15,8.7863746208569e-05
309,0.00011492349591691734,15,8.7863746208569e-05
310,0.000115859272411892,14,9.110291655512827e-05
311,0.000115859272411892,14,9.110291655512827e-05
312,0.000115859272411892,14,9.110291655512827e-05
313,0.000115859272411892,14,9.110291655512827e-05
314,0.000115859272411892,14,9.110291655512827e-05
315,0.000115859272411892,14,9.110291655512827e-05
316,0.000115859272411892,14,9.110291655512827e-05
317,0.000115859272411892,14,9.110291655512827e-05
318,0.000115859272411892,14,9.110291655512827e-05
319,0.000115859272411892,14,9.110291655512827e-05
320,0.000115859272411892,14,9.110291655512827e-05
321,0.000115859272411892,14,9.110291655512827e-05
322,0.000115859272411892,14,9.110291655512827e-05
323,0.00011400475555062468,14,8.757799606146334e-05
324,0.00011400475555062468,14,8.757799606146334e-05
325,0.00011400475555062468,14,8.757799606146334e-05
326,0.00011400475555062468,14,8.757799606146334e-05
327,0.00011400475555062468,14,8.757799606146334e-05
328,0.00011400475555062468,14,8.757799606146334e-05
329,0.00011401566886166947,13,9.211964283579118e-05
330,0.00011401566886166947,13,9.211964283579118e-05
331,0.00011401566886166947,13,9.211964283579118e-05
332,0.00011306199818322815,13,9.262687266182685e-05
333,0.00011306199818322815,13,9.262687266182685e-05
334,0.00011306199818322815,13,9.262687266182685e-05
335,0.00011306199818322815,13,9.262687266182685e-05
336,0.00011306199818322815,13,9.262687266182685e-05
337,0.00011306199818322815,13,9.262687266182685e-05
338,0.00011306199818322815,13,9.262687266182685e-05
339,0.00011306199818322815,13,9.262687266182685e-05
340,0.00011306199818322815,13,9.262687266182685e-05
341,0.00011306199818322815,13,9.262687266182685e-05
342,0.00011306199818322815,13,9.262687266182685e-05
343,0.00011106482617878644,13,8.942790635100789e-05
344,0.00011106482617878644,13,8.942790635100789e-05
345,0.00011106482617878644,13,8.942790635100789e-05
346,0.00011106482617878644,13,8.942790635100789e-05
347,0.00011106482617878644,13,8.942790635100789e-05
348,0.00011106482617878644,13,8.942790635100789e-05
349,0.00011106482617878644,13,8.942790635100789e-05
350,0.00011106482617878644,13,8.942790635100789e-05
351,0.00010397971271069426,13,7.81863084306891e-05
352,0.00010397971271069426,13,7.81863084306891e-05
353,0.00010397971271069426,13,7.81863084306891e-05
354,0.00010204922362899909,12,8.133868975936764e-05
355,0.00010204922362899909,12,8.133868975936764e-05
356,0.00010204922362899909,12,8.133868975936764e-05
357,0.00010204922362899909,12,8.133868975936764e-05
358,0.00010204922362899909,12,8.133868975936764e-05
359,0.00010204922362899909,12,8.133868975936764e-05
360,0.00010204922362899909,12,8.133868975936764e-05
361,0.00010204922362899909,12,8.133868975936764e-05
362,0.00010204922362899909,12,8.133868975936764e-05
363,0.00010204922362899909,12,8.133868975936764e-05
364,9.988562062418722e-05,12,7.778710184452487e-05
365,9.988562062418722e-05,12,7.778710184452487e-05
366,9.988562062418722e-05,12,7.778710184452487e-05
367,9.988562062418722e-05,12,7.778710184452487e-05
368,9.988562062418722e-05,12,7.778710184452487e-05
369,9.988562062418722e-05,12,7.778710184452487e-05
370,9.988562062418722e-05,12,7.778710184452487e-05
371,9.988562062418722e-05,12,7.778710184452487e-05
372,0.00010518864090153698,11,7.927613649194418e-05
373,0.00010518864090153698,11,7.927613649194418e-05
374,0.00010518864090153698,11,7.927613649194418e-05
375,0.00010518864090153698,11,7.927613649194418e-05
376,0.00010518864090153698,11,7.927613649194418e-05
377,0.0001026272442231562,11,8.1437579132007e-05
378,0.0001026272442231562,11,8.1437579132007e-05
379,0.00010150017887590737,11,8.213901415064544e-05
380,0.00010150017887590737,11,8.213901415064544e-05
381,0.00010150017887590737,11,8.213901415064544e-05
382,0.00010150017887590737,11,8.213901415064544e-05
383,0.00010150017887590737,11,8.213901415064544e-05
384,0.00010150017887590737,11,8.213901415064544e-05
385,0.00010150017887590737,11,8.213901415064544e-05
386,0.00010150017887590737,11,8.213901415064544e-05
387,0.00010150017887590737,11,8.213901415064544e-05
388,0.00010150017887590737,11,8.213901415064544e-05
389,0.00010150017887590737,11,8.213901415064544e-05
390,0.00010150017887590737,11,8.213901415064544e-05
391,0.00010150017887590737,11,8.213901415064544e-05
392,0.00010150017887590737,11,8.213901415064544e-05
393,0.00010150017887590737,11,8.213901415064544e-05
394,8.466692639112896e-05,10,6.350743932153542e-05
395,8.279947788602149e-05,10,6.470653457145607e-05
396,8.279947788602149e-05,10,6.470653457145607e-05
397,8.279947788602149e-05,10,6.470653457145607e-05
398,8.279947788602149e-05,10,6.470653457145607e-05
399,8.279947788602149e-05,10,6.470653457145607e-05
400,8.020315428024727e-05,10,5.9444794150482194e-05
401,8.020315428024727e-05,10,5.9444794150482194e-05
402,8.020315428024727e-05,10,5.9444794150482194e-05
403,8.020315428024727e-05,10,5.9444794150482194e-05
404,8.020315428024727e-05,10,5.9444794150482194e-05
405,8.020315428024727e-05,10,5.9444794150482194e-05
406,7.558954413030494e-05,10,6.0189700232202736e-05
407,7.558954413030494e-05,10,6.0189700232202736e-05
408,7.558954413030494e-05,10,6.0189700232202736e-05
409,7.558954413030494e-05,10,6.0189700232202736e-05
410,7.558954413030494e-05,10,6.0189700232202736e-05
411,7.558954413030494e-05,10,6.0189700232202736e-05
412,7.558954413030494e-05,10,6.0189700232202736e-05
413,7.558954413030494e-05,10,6.0189700232202736e-05
414,7.558954413030494e-05,10,6.0189700232202736e-05
415,7.558954413030494e-05,10,6.0189700232202736e-05
416,7.558954413030494e-05,10,6.0189700232202736e-05
417,7.558954413030494e-05,10,6.0189700232202736e-05
418,7.558954413030494e-05,10,6.0189700232202736e-05
419,7.558954413030494e-05,10,6.0189700232202736e-05
420,7.558954413030494e-05,10,6.0189700232202736e-05
421,7.558954413030494e-05,10,6.0189700232202736e-05
422,7.558954413030494e-05,10,6.0189700232202736e-05
423,7.558954413030494e-05,10,6.0189700232202736e-05
424,7.558954413030494e-05,10,6.0189700232202736e-05
425,7.558954413030494e-05,10,6.0189700232202736e-05
426,7.558954413030494e-05,10,6.0189700232202736e-05
427,7.558954413030494e-05,10,6.0189700232202736e-05
428,7.558954413030494e-05,10,6.0189700232202736e-05
429,7.558954413030494e-05,10,6.0189700232202736e-05
430,7.558954413030494e-05,10,6.0189700232202736e-05
431,7.558954413030494e-05,10,6.0189700232202736e-05
432,7.558954413030494e-05,10,6.0189700232202736e-05
433,7.558954413030494e-05,10,6.0189700232202736e-05
434,7.558954413030494e-05,10,6.0189700232202736e-05
435,7.558954413030494e-05,10,6.0189700232202736e-05
436,7.558954413030494e-05,10,6.0189700232202736e-05
437,7.558954413030494e-05,10,6.0189700232202736e-05
438,7.558954413030494e-05,10,6.0189700232202736e-05
439,7.558954413030494e-05,10,6.0189700232202736e-05
440,7.558954413030494e-05,10,6.0189700232202736e-05
441,7.434977224833122e-05,10,6.090811074190633e-05
442,7.434977224833122e-05,10,6.090811074190633e-05
443,7.1753448642557e-05,10,5.6192455854313654e-05
444,7.1753448642557e-05,10,5.6192455854313654e-05
445,7.1753448642557e-05,10,5.6192455854313654e-05
446,7.1753448642557e-05,10,5.6192455854313654e-05
447,7.1753448642557e-05,10,5.6192455854313654e-05
448,7.1753448642557e-05,10,5.6192455854313654e-05
449,7.1753448642557e-05,10,5.6192455854313654e-05
450,7.1753448642557e-05,10,5.6192455854313654e-05
451,7.1753448642557e-05,10,5.6192455854313654e-05
452,7.1753448642557e-05,10,5.6192455854313654e-05
453,7.1753448642557e-05,10,5.6192455854313654e-05
454,7.1753448642557e-05,10,5.6192455854313654e-05
455,7.1753448642557e-05,10,5.6192455854313654e-05
456,7.1753448642557e-05,10,5.6192455854313654e-05
457,7.1753448642557e-05,10,5.6192455854313654e-05
458,7.1753448642557e-05,10,5.6192455854313654e-05
459,7.1753448642557e-05,10,5.6192455854313654e-05
460,7.1753448642557e-05,10,5.6192455854313654e-05
461,7.1753448642557e-05,10,5.6192455854313654e-05
462,7.1753448642557e-05,10,5.6192455854313654e-05
463,7.1753448642557e-05,10,5.6192455854313654e-05
464,7.1753448642557e-05,10,5.6192455854313654e-05
465,7.1753448642557e-05,10,5.6192455854313654e-05
466,7.1753448642557e-05,10,5.6192455854313654e-05
467,7.1753448642557e-05,10,5.6192455854313654e-05
468,7.1753448642557e-05,10,5.6192455854313654e-05
469,7.1753448642557e-05,10,5.6192455854313654e-05
470,7.1753448642557e-05,10,5.6192455854313654e-05
471,7.1753448642557e-05,10,5.6192455854313654e-05
472,7.1753448642557e-05,10,5.6192455854313654e-05
473,7.1753448642557e-05,10,5.6192455854313654e-05
474,7.1753448642557e-05,10,5.6192455854313654e-05
475,7.1753448642557e-05,10,5.6192455854313654e-05
476,7.1753448642557e-05,10,5.6192455854313654e-05
477,7.1753448642557e-05,10,5.6192455854313654e-05
478,7.1753448642557e-05,10,5.6192455854313654e-05
479,7.1753448642557e-05,10,5.6192455854313654e-05
480,7.1753448642557e-05,10,5.6192455854313654e-05
481,7.1753448642557e-05,10,5.6192455854313654e-05
482,7.1753448642557e-05,10,5.6192455854313654e-05
483,7.1753448642557e-05,10,5.6192455854313654e-05
484,7.1753448642557e-05,10,5.6192455854313654e-05
485,7.1753448642557e-05,10,5.6192455854313654e-05
486,7.00943696583196e-05,9,5.934075325779121e-05
487,7.00943696583196e-05,9,5.934075325779121e-05
488,7.00943696583196e-05,9,5.934075325779121e-05
489,7.00943696583196e-05,9,5.934075325779121e-05
490,7.00943696583196e-05,9,5.934075325779121e-05
491,7.00943696583196e-05,9,5.934075325779121e-05
492,7.00943696583196e-05,9,5.934075325779121e-05
493,7.634768720774598e-05,8,6.018437551236208e-05
494,7.634768720774598e-05,8,6.018437551236208e-05
495,7.634768720774598e-05,8,6.018437551236208e-05
496,7.634768720774598e-05,8,6.018437551236208e-05
497,7.634768720774598e-05,8,6.018437551236208e-05
498,7.634768720774598e-05,8,6.018437551236208e-05
499,7.634768720774598e-05,8,6.018437551236208e-05
500,7.634768720774598e-05,8,6.018437551236208e-05
501,7.634768720774598e-05,8,6.018437551236208e-05
502,7.041890035074395e-05,8,5.79640358704866e-05
503,7.041890035074395e-05,8,5.79640358704866e-05
504,7.041890035074395e-05,8,5.79640358704866e-05
505,7.041890035074395e-05,8,5.79640358704866e-05
506,7.041890035074395e-05,8,5.79640358704866e-05
507,7.041890035074395e-05,8,5.79640358704866e-05
508,7.041890035074395e-05,8,5.79640358704866e-05
509,7.041890035074395e-05,8,5.79640358704866e-05
510,7.041890035074395e-05,8,5.79640358704866e-05
511,7.041890035074395e-05,8,5.79640358704866e-05
512,7.041890035074395e-05,8,5.79640358704866e-05
513,7.041890035074395e-05,8,5.79640358704866e-05
514,7.041890035074395e-05,8,5.79640358704866e-05
515,7.041890035074395e-05,8,5.79640358704866e-05
516,7.041890035074395e-05,8,5.79640358704866e-05
517,7.041890035074395e-05,8,5.79640358704866e-05
518,7.041890035074395e-05,8,5.79640358704866e-05
519,7.041890035074395e-05,8,5.79640358704866e-05
520,7.041890035074395e-05,8,5.79640358704866e-05
521,7.041890035074395e-05,8,5.79640358704866e-05
522,7.041890035074395e-05,8,5.79640358704866e-05
523,7.041890035074395e-05,8,5.79640358704866e-05
524,7.041890035074395e-05,8,5.79640358704866e-05
525,7.041890035074395e-05,8,5.79640358704866e-05
526,7.041890035074395e-05,8,5.79640358704866e-05
527,7.041890035074395e-05,8,5.79640358704866e-05
528,7.041890035074395e-05,8,5.79640358704866e-05
529,7.041890035074395e-05,8,5.79640358704866e-05
530,7.041890035074395e-05,8,5.79640358704866e-05
531,7.041890035074395e-05,8,5.79640358704866e-05
532,7.041890035074395e-05,8,5.79640358704866e-05
533,7.041890035074395e-05,8,5.79640358704866e-05
534,7.041890035074395e-05,8,5.79640358704866e-05
535,7.041890035074395e-05,8,5.79640358704866e-05
536,7.041890035074395e-05,8,5.79640358704866e-05
537,7.041890035074395e-05,8,5.79640358704866e-05
538,7.041890035074395e-05,8,5.79640358704866e-05
539,7.041890035074395e-05,8,5.79640358704866e-05
540,7.041890035074395e-05,8,5.79640358704866e-05
541,7.041890035074395e-05,8,5.79640358704866e-05
542,7.041890035074395e-05,8,5.79640358704866e-05
543,7.041890035074395e-05,8,5.79640358704866e-05
544,7.041890035074395e-05,8,5.79640358704866e-05
545,7.041890035074395e-05,8,5.79640358704866e-05
546,5.890559096509414e-05,8,3.775791489436872e-05
547,5.890559096509414e-05,8,3.775791489436872e-05
548,5.890559096509414e-05,8,3.775791489436872e-05
549,5.890559096509414e-05,8,3.775791489436872e-05
550,5.890559096509414e-05,8,3.775791489436872e-05
551,5.890559096509414e-05,8,3.775791489436872e-05
552,5.890559096509414e-05,8,3.775791489436872e-05
553,5.890559096509414e-05,8,3.775791489436872e-05
554,5.890559096509414e-05,8,3.775791489436872e-05
555,5.890559096509414e-05,8,3.775791489436872e-05
556,5.890559096509414e-05,8,3.775791489436872e-05
557,5.890559096509414e-05,8,3.775791489436872e-05
558,5.890559096509414e-05,8,3.775791489436872e-05
559,5.890559096509414e-05,8,3.775791489436872e-05
560,5.7355876112626995e-05,8,3.901003676514569e-05
561,5.7355876112626995e-05,8,3.901003676514569e-05
562,5.7355876112626995e-05,8,3.901003676514569e-05
563,5.7355876112626995e-05,8,3.901003676514569e-05
564,5.7355876112626995e-05,8,3.901003676514569e-05
565,5.7355876112626995e-05,8,3.901003676514569e-05
566,5.7355876112626995e-05,8,3.901003676514569e-05
567,5.7355876112626995e-05,8,3.901003676514569e-05
568,5.7355876112626995e-05,8,3.901003676514569e-05
569,5.7355876112626995e-05,8,3.901003676514569e-05
570,5.7355876112626995e-05,8,3.901003676514569e-05
571,5.7355876112626995e-05,8,3.901003676514569e-05
572,5.7355876112626995e-05,8,3.901003676514569e-05
573,5.7355876112626995e-05,8,3.901003676514569e-05
574,5.7355876112626995e-05,8,3.901003676514569e-05
575,5.7355876112626995e-05,8,3.901003676514569e-05
576,5.7355876112626995e-05,8,3.901003676514569e-05
577,5.7355876112626995e-05,8,3.901003676514569e-05
578,5.7355876112626995e-05,8,3.901003676514569e-05
579,5.411047160540921e-05,8,3.2688357992920826e-05
580,5.411047160540921e-05,8,3.2688357992920826e-05
581,5.411047160540921e-05,8,3.2688357992920826e-05
582,5.411047160540921e-05,8,3.2688357992920826e-05
583,5.411047160540921e-05,8,3.2688357992920826e-05
584,5.411047160540921e-05,8,3.2688357992920826e-05
585,5.411047160540921e-05,8,3.2688357992920826e-05
586,5.411047160540921e-05,8,3.2688357992920826e-05
587,5.411047160540921e-05,8,3.2688357992920826e-05
588,5.411047160540921e-05,8,3.2688357992920826e-05
589,5.411047160540921e-05,8,3.2688357992920826e-05
590,5.411047160540921e-05,8,3.2688357992920826e-05
591,5.411047160540921e-05,8,3.2688357992920826e-05
592,5.411047160540921e-05,8,3.2688357992920826e-05
593,5.411047160540921e-05,8,3.2688357992920826e-05
594,5.411047160540921e-05,8,3.2688357992920826e-05
595,5.411047160540921e-05,8,3.2688357992920826e-05
596,5.411047160540921e-05,8,3.2688357992920826e-05
597,5.177616097402487e-05,8,3.466342329017783e-05
598,5.177616097402487e-05,8,3.466342329017783e-05
599,5.177616097402487e-05,8,3.466342329017783e-05
600,5.177616097402487e-05,8,3.466342329017783e-05
601,5.177616097402487e-05,8,3.466342329017783e-05
602,5.177616097402487e-05,8,3.466342329017783e-05
603,5.177616097402487e-05,8,3.466342329017783e-05
604,5.177616097402487e-05,8,3.466342329017783e-05
605,5.177616097402487e-05,8,3.466342329017783e-05
606,5.177616097402487e-05,8,3.466342329017783e-05
607,5.177616097402487e-05,8,3.466342329017783e-05
608,5.177616097402487e-05,8,3.466342329017783e-05
609,5.177616097402487e-05,8,3.466342329017783e-05
610,5.177616097402487e-05,8,3.466342329017783e-05
611,5.177616097402487e-05,8,3.466342329017783e-05
612,5.177616097402487e-05,8,3.466342329017783e-05
613,5.177616097402487e-05,8,3.466342329017783e-05
614,5.177616097402487e-05,8,3.466342329017783e-05
615,5.177616097402487e-05,8,3.466342329017783e-05
616,5.177616097402487e-05,8,3.466342329017783e-05
617,5.177616097402487e-05,8,3.466342329017783e-05
618,5.177616097402487e-05,8,3.466342329017783e-05
619,5.177616097402487e-05,8,3.466342329017783e-05
620,5.177616097402487e-05,8,3.466342329017783e-05
621,5.177616097402487e-05,8,3.466342329017783e-05
622,5.177616097402487e-05,8,3.466342329017783e-05
623,5.177616097402487e-05,8,3.466342329017783e-05
624,5.177616097402487e-05,8,3.466342329017783e-05
625,5.177616097402487e-05,8,3.466342329017783e-05
626,5.177616097402487e-05,8,3.466342329017783e-05
627,5.177616097402487e-05,8,3.466342329017783e-05
628,5.177616097402487e-05,8,3.466342329017783e-05
629,5.177616097402487e-05,8,3.466342329017783e-05
630,5.177616097402487e-05,8,3.466342329017783e-05
631,5.177616097402487e-05,8,3.466342329017783e-05
632,5.177616097402487e-05,8,3.466342329017783e-05
633,5.177616097402487e-05,8,3.466342329017783e-05
634,4.7886837966657504e-05,7,3.550532290103983e-05
635,4.7886837966657504e-05,7,3.550532290103983e-05
636,4.7886837966657504e-05,7,3.550532290103983e-05
637,4.7886837966657504e-05,7,3.550532290103983e-05
638,4.7886837966657504e-05,7,3.550532290103983e-05
639,4.7886837966657504e-05,7,3.550532290103983e-05
640,4.7886837966657504e-05,7,3.550532290103983e-05
641,4.7886837966657504e-05,7,3.550532290103983e-05
642,4.7886837966657504e-05,7,3.550532290103983e-05
643,4.7886837966657504e-05,7,3.550532290103983e-05
644,4.7886837966657504e-05,7,3.550532290103983e-05
645,4.7886837966657504e-05,7,3.550532290103983e-05
646,4.7886837966657504e-05,7,3.550532290103983e-05
647,4.7886837966657504e-05,7,3.550532290103983e-05
648,4.7886837966657504e-05,7,3.550532290103983e-05
649,4.7886837966657504e-05,7,3.550532290103983e-05
650,4.7886837966657504e-05,7,3.550532290103983e-05
651,4.7886837966657504e-05,7,3.550532290103983e-05
652,4.7886837966657504e-05,7,3.550532290103983e-05
653,4.7886837966657504e-05,7,3.550532290103983e-05
654,4.7886837966657504e-05,7,3.550532290103983e-05
655,4.7886837966657504e-05,7,3.550532290103983e-05
656,4.7886837966657504e-05,7,3.550532290103983e-05
657,4.7886837966657504e-05,7,3.550532290103983e-05
658,4.7886837966657504e-05,7,3.550532290103983e-05
659,4.7886837966657504e-05,7,3.550532290103983e-05
660,4.7886837966657504e-05,7,3.550532290103983e-05
661,4.7886837966657504e-05,7,3.550532290103983e-05
662,4.7886837966657504e-05,7,3.550532290103983e-05
663,4.7886837966657504e-05,7,3.550532290103983e-05
664,4.7886837966657504e-05,7,3.550532290103983e-05
665,4.7886837966657504e-05,7,3.550532290103983e-05
666,4.7886837966657504e-05,7,3.550532290103983e-05
667,4.7886837966657504e-05,7,3.550532290103983e-05
668,4.7886837966657504e-05,7,3.550532290103983e-05
669,4.7886837966657504e-05,7,3.550532290103983e-05
670,4.7886837966657504e-05,7,3.550532290103983e-05
671,4.7886837966657504e-05,7,3.550532290103983e-05
672,4.7886837966657504e-05,7,3.550532290103983e-05
673,4.7886837966657504e-05,7,3.550532290103983e-05
674,4.7886837966657504e-05,7,3.550532290103983e-05
675,4.7886837966657504e-05,7,3.550532290103983e-05
676,4.7886837966657504e-05,7,3.550532290103983e-05
677,4.7886837966657504e-05,7,3.550532290103983e-05
678,4.7886837966657504e-05,7,3.550532290103983e-05
679,4.7886837966657504e-05,7,3.550532290103983e-05
680,4.7886837966657504e-05,7,3.550532290103983e-05
681,4.7886837966657504e-05,7,3.550532290103983e-05
682,4.7886837966657504e-05,7,3.550532290103983e-05
683,4.7886837966657504e-05,7,3.550532290103983e-05
684,4.7886837966657504e-05,7,3.550532290103983e-05
685,4.7886837966657504e-05,7,3.550532290103983e-05
686,4.7886837966657504e-05,7,3.550532290103983e-05
687,4.7886837966657504e-05,7,3.550532290103983e-05
688,4.7886837966657504e-05,7,3.550532290103983e-05
689,4.7886837966657504e-05,7,3.550532290103983e-05
690,4.7886837966657504e-05,7,3.550532290103983e-05
691,4.7886837966657504e-05,7,3.550532290103983e-05
692,4.7886837966657504e-05,7,3.550532290103983e-05
693,4.7886837966657504e-05,7,3.550532290103983e-05
694,4.7886837966657504e-05,7,3.550532290103983e-05
695,4.7886837966657504e-05,7,3.550532290103983e-05
696,4.7886837966657504e-05,7,3.550532290103983e-05
697,4.7886837966657504e-05,7,3.550532290103983e-05
698,4.7886837966657504e-05,7,3.550532290103983e-05
699,4.7886837966657504e-05,7,3.550532290103983e-05
700,4.7886837966657504e-05,7,3.550532290103983e-05
701,4.7886837966657504e-05,7,3.550532290103983e-05
702,4.7886837966657504e-05,7,3.550532290103983e-05
703,4.7886837966657504e-05,7,3.550532290103983e-05
704,4.7886837966657504e-05,7,3.550532290103983e-05
705,4.7886837966657504e-05,7,3.550532290103983e-05
706,4.7886837966657504e-05,7,3.550532290103983e-05
707,4.41778042441229e-05,7,2.9539342065575202e-05
708,4.41778042441229e-05,7,2.9539342065575202e-05
709,4.41778042441229e-05,7,2.9539342065575202e-05
710,4.41778042441229e-05,7,2.9539342065575202e-05
711,4.41778042441229e-05,7,2.9539342065575202e-05
712,4.41778042441229e-05,7,2.9539342065575202e-05
713,4.41778042441229e-05,7,2.9539342065575202e-05
714,4.41778042441229e-05,7,2.9539342065575202e-05
715,4.41778042441229e-05,7,2.9539342065575202e-05
716,4.41778042441229e-05,7,2.9539342065575202e-05
717,4.41778042441229e-05,7,2.9539342065575202e-05
718,4.41778042441229e-05,7,2.9539342065575202e-05
719,4.41778042441229e-05,7,2.9539342065575202e-05
720,4.41778042441229e-05,7,2.9539342065575202e-05
721,4.41778042441229e-05,7,2.9539342065575202e-05
722,4.41778042441229e-05,7,2.9539342065575202e-05
723,4.41778042441229e-05,7,2.9539342065575202e-05
724,4.41778042441229e-05,7,2.9539342065575202e-05
725,4.41778042441229e-05,7,2.9539342065575202e-05
726,4.41778042441229e-05,7,2.9539342065575202e-05
727,4.41778042441229e-05,7,2.9539342065575202e-05
728,4.41778042441229e-05,7,2.9539342065575202e-05
729,4.41778042441229e-05,7,2.9539342065575202e-05
730,4.41778042441229e-05,7,2.9539342065575202e-05
731,4.41778042441229e-05,7,2.9539342065575202e-05
732,4.41778042441229e-05,7,2.9539342065575202e-05
733,4.41778042441229e-05,7,2.9539342065575202e-05
734,4.41778042441229e-05,7,2.9539342065575202e-05
735,4.41778042441229e-05,7,2.9539342065575202e-05
736,4.41778042441229e-05,7,2.9539342065575202e-05
737,4.41778042441229e-05,7,2.9539342065575202e-05
738,4.41778042441229e-05,7,2.9539342065575202e-05
739,4.41778042441229e-05,7,2.9539342065575202e-05
740,4.41778042441229e-05,7,2.9539342065575202e-05
741,4.41778042441229e-05,7,2.9539342065575202e-05
742,4.41778042441229e-05,7,2.9539342065575202e-05
743,4.41778042441229e-05,7,2.9539342065575202e-05
744,4.41778042441229e-05,7,2.9539342065575202e-05
745,4.41778042441229e-05,7,2.9539342065575202e-05
746,4.41778042441229e-05,7,2.9539342065575202e-05
747,4.41778042441229e-05,7,2.9539342065575202e-05
748,4.41778042441229e-05,7,2.9539342065575202e-05
749,4.41778042441229e-05,7,2.9539342065575202e-05
750,4.41778042441229e-05,7,2.9539342065575202e-05
751,4.41778042441229e-05,7,2.9539342065575202e-05
752,4.41778042441229e-05,7,2.9539342065575202e-05
753,4.41778042441229e-05,7,2.9539342065575202e-05
754,4.41778042441229e-05,7,2.9539342065575202e-05
755,4.41778042441229e-05,7,2.9539342065575202e-05
756,4.41778042441229e-05,7,2.9539342065575202e-05
757,4.41778042441229e-05,7,2.9539342065575202e-05
758,4.41778042441229e-05,7,2.9539342065575202e-05
759,4.41778042441229e-05,7,2.9539342065575202e-05
760,4.41778042441229e-05,7,2.9539342065575202e-05
761,4.41778042441229e-05,7,2.9539342065575202e-05
762,4.41778042441229e-05,7,2.9539342065575202e-05
763,4.41778042441229e-05,7,2.9539342065575202e-05
764,4.41778042441229e-05,7,2.9539342065575202e-05
765,4.41778042441229e-05,7,2.9539342065575202e-05
766,4.41778042441229e-05,7,2.9539342065575202e-05
767,4.41778042441229e-05,7,2.9539342065575202e-05
768,4.41778042441229e-05,7,2.9539342065575202e-05
769,4.41778042441229e-05,7,2.9539342065575202e-05
770,4.41778042441229e-05,7,2.9539342065575202e-05
771,4.41778042441229e-05,7,2.9539342065575202e-05
772,4.41778042441229e-05,7,2.9539342065575202e-05
773,4.41778042441229e-05,7,2.9539342065575202e-05
774,4.41778042441229e-05,7,2.9539342065575202e-05
775,4.41778042441229e-05,7,2.9539342065575202e-05
776,4.41778042441229e-05,7,2.9539342065575202e-05
777,4.41778042441229e-05,7,2.9539342065575202e-05
778,4.41778042441229e-05,7,2.9539342065575202e-05
779,4.41778042441229e-05,7,2.9539342065575202e-05
780,4.41778042441229e-05,7,2.9539342065575202e-05
781,4.41778042441229e-05,7,2.9539342065575202e-05
782,4.41778042441229e-05,7,2.9539342065575202e-05
783,4.41778042441229e-05,7,2.9539342065575202e-05
784,4.41778042441229e-05,7,2.9539342065575202e-05
785,4.41778042441229e-05,7,2.9539342065575202e-05
786,4.41778042441229e-05,7,2.9539342065575202e-05
787,4.41778042441229e-05,7,2.9539342065575202e-05
788,4.41778042441229e-05,7,2.9539342065575202e-05
789,4.240670155558901e-05,7,3.1219055183368644e-05
790,4.240670155558901e-05,7,3.1219055183368644e-05
791,4.240670155558901e-05,7,3.1219055183368644e-05
792,4.240670155558901e-05,7,3.1219055183368644e-05
793,4.240670155558901e-05,7,3.1219055183368644e-05
794,4.240670155558901e-05,7,3.1219055183368644e-05
795,4.240670155558901e-05,7,3.1219055183368644e-05
796,4.240670155558901e-05,7,3.1219055183368644e-05
797,4.240670155558901e-05,7,3.1219055183368644e-05
798,4.240670155558901e-05,7,3.1219055183368644e-05
799,4.240670155558901e-05,7,3.1219055183368644e-05
800,4.240670155558901e-05,7,3.1219055183368644e-05
801,4.240670155558901e-05,7,3.1219055183368644e-05
802,4.240670155558901e-05,7,3.1219055183368644e-05
803,4.240670155558901e-05,7,3.1219055183368644e-05
804,4.240670155558901e-05,7,3.1219055183368644e-05
805,4.240670155558901e-05,7,3.1219055183368644e-05
806,4.240670155558901e-05,7,3.1219055183368644e-05
807,4.240670155558901e-05,7,3.1219055183368644e-05
808,4.240670155558901e-05,7,3.1219055183368644e-05
809,4.240670155558901e-05,7,3.1219055183368644e-05
810,4.240670155558901e-05,7,3.1219055183368644e-05
811,4.240670155558901e-05,7,3.1219055183368644e-05
812,4.240670155558901e-05,7,3.1219055183368644e-05
813,4.240670155558901e-05,7,3.1219055183368644e-05
814,4.240670155558901e-05,7,3.1219055183368644e-05
815,4.240670155558901e-05,7,3.1219055183368644e-05
816,4.240670155558901e-05,7,3.1219055183368644e-05
817,4.240670155558901e-05,7,3.1219055183368644e-05
818,4.240670155558901e-05,7,3.1219055183368644e-05
819,4.477859123782241e-05,6,3.3500717279892736e-05
820,4.477859123782241e-05,6,3.3500717279892736e-05
821,4.477859123782241e-05,6,3.3500717279892736e-05
822,4.477859123782241e-05,6,3.3500717279892736e-05
823,4.477859123782241e-05,6,3.3500717279892736e-05
824,4.477859123782241e-05,6,3.3500717279892736e-05
825,4.477859123782241e-05,6,3.3500717279892736e-05
826,4.477859123782241e-05,6,3.3500717279892736e-05
827,4.477859123782241e-05,6,3.3500717279892736e-05
828,4.477859123782241e-05,6,3.3500717279892736e-05
829,4.477859123782241e-05,6,3.3500717279892736e-05
830,4.477859123782241e-05,6,3.3500717279892736e-05
831,4.477859123782241e-05,6,3.3500717279892736e-05
832,4.477859123782241e-05,6,3.3500717279892736e-05
833,4.477859123782241e-05,6,3.3500717279892736e-05
834,4.477859123782241e-05,6,3.3500717279892736e-05
835,4.477859123782241e-05,6,3.3500717279892736e-05
836,4.477859123782241e-05,6,3.3500717279892736e-05
837,4.477859123782241e-05,6,3.3500717279892736e-05
838,4.477859123782241e-05,6,3.3500717279892736e-05
839,4.477859123782241e-05,6,3.3500717279892736e-05
840,4.477859123782241e-05,6,3.3500717279892736e-05
841,4.477859123782241e-05,6,3.3500717279892736e-05
842,4.477859123782241e-05,6,3.3500717279892736e-05
843,4.477859123782241e-05,6,3.3500717279892736e-05
844,4.477859123782241e-05,6,3.3500717279892736e-05
845,4.477859123782241e-05,6,3.3500717279892736e-05
846,4.477859123782241e-05,6,3.3500717279892736e-05
847,4.477859123782241e-05,6,3.3500717279892736e-05
848,4.477859123782241e-05,6,3.3500717279892736e-05
849,4.477859123782241e-05,6,3.3500717279892736e-05
850,4.477859123782241e-05,6,3.3500717279892736e-05
851,4.450708918550223e-05,5,3.7447559634788275e-05
852,4.450708918550223e-05,5,3.7447559634788275e-05
853,4.450708918550223e-05,5,3.7447559634788275e-05
854,4.450708918550223e-05,5,3.7447559634788275e-05
855,4.450708918550223e-05,5,3.7447559634788275e-05
856,4.450708918550223e-05,5,3.7447559634788275e-05
857,4.450708918550223e-05,5,3.7447559634788275e-05
858,4.450708918550223e-05,5,3.7447559634788275e-05
859,4.450708918550223e-05,5,3.7447559634788275e-05
860,4.450708918550223e-05,5,3.7447559634788275e-05
861,4.450708918550223e-05,5,3.7447559634788275e-05
862,4.450708918550223e-05,5,3.7447559634788275e-05
863,4.450708918550223e-05,5,3.7447559634788275e-05
864,4.450708918550223e-05,5,3.7447559634788275e-05
865,4.450708918550223e-05,5,3.7447559634788275e-05
866,4.450708918550223e-05,5,3.7447559634788275e-05
867,4.450708918550223e-05,5,3.7447559634788275e-05
868,4.450708918550223e-05,5,3.7447559634788275e-05
869,4.450708918550223e-05,5,3.7447559634788275e-05
870,4.450708918550223e-05,5,3.7447559634788275e-05
871,4.450708918550223e-05,5,3.7447559634788275e-05
872,4.450708918550223e-05,5,3.7447559634788275e-05
873,4.450708918550223e-05,5,3.7447559634788275e-05
874,4.450708918550223e-05,5,3.7447559634788275e-05
875,4.450708918550223e-05,5,3.7447559634788275e-05
876,4.450708918550223e-05,5,3.7447559634788275e-05
877,4.450708918550223e-05,5,3.7447559634788275e-05
878,3.9314441973953783e-05,5,3.322314312970785e-05
879,3.9314441973953783e-05,5,3.322314312970785e-05
880,3.9314441973953783e-05,5,3.322314312970785e-05
881,3.9314441973953783e-05,5,3.322314312970785e-05
882,3.9314441973953783e-05,5,3.322314312970785e-05
883,3.9314441973953783e-05,5,3.322314312970785e-05
884,3.9314441973953783e-05,5,3.322314312970785e-05
885,3.9314441973953783e-05,5,3.322314312970785e-05
886,3.9314441973953783e-05,5,3.322314312970785e-05
887,3.9314441973953783e-05,5,3.322314312970785e-05
888,3.9314441973953783e-05,5,3.322314312970785e-05
889,3.9314441973953783e-05,5,3.322314312970785e-05
890,3.9314441973953783e-05,5,3.322314312970785e-05
891,3.9314441973953783e-05,5,3.322314312970785e-05
892,3.9314441973953783e-05,5,3.322314312970785e-05
893,3.9314441973953783e-05,5,3.322314312970785e-05
894,3.9314441973953783e-05,5,3.322314312970785e-05
895,3.9314441973953783e-05,5,3.322314312970785e-05
896,3.9314441973953783e-05,5,3.322314312970785e-05
897,3.9314441973953783e-05,5,3.322314312970785e-05
898,3.9314441973953783e-05,5,3.322314312970785e-05
899,3.9314441973953783e-05,5,3.322314312970785e-05
900,3.9314441973953783e-05,5,3.322314312970785e-05
901,3.9314441973953783e-05,5,3.322314312970785e-05
902,3.9314441973953783e-05,5,3.322314312970785e-05
903,3.9314441973953783e-05,5,3.322314312970785e-05
904,3.9314441973953783e-05,5,3.322314312970785e-05
905,3.9314441973953783e-05,5,3.322314312970785e-05
906,3.9314441973953783e-05,5,3.322314312970785e-05
907,3.9314441973953783e-05,5,3.322314312970785e-05
908,3.9314441973953783e-05,5,3.322314312970785e-05
909,3.9314441973953783e-05,5,3.322314312970785e-05
910,3.9314441973953783e-05,5,3.322314312970785e-05
911,3.9314441973953783e-05,5,3.322314312970785e-05
912,3.9314441973953783e-05,5,3.322314312970785e-05
913,3.9314441973953783e-05,5,3.322314312970785e-05
914,3.9314441973953783e-05,5,3.322314312970785e-05
915,3.9314441973953783e-05,5,3.322314312970785e-05
916,3.9314441973953783e-05,5,3.322314312970785e-05
917,3.9314441973953783e-05,5,3.322314312970785e-05
918,3.9314441973953783e-05,5,3.322314312970785e-05
919,3.9314441973953783e-05,5,3.322314312970785e-05
920,3.9314441973953783e-05,5,3.322314312970785e-05
921,3.9314441973953783e-05,5,3.322314312970785e-05
922,3.9314441973953783e-05,5,3.322314312970785e-05
923,3.9314441973953783e-05,5,3.322314312970785e-05
924,3.9314441973953783e-05,5,3.322314312970785e-05
925,3.9314441973953783e-05,5,3.322314312970785e-05
926,3.9314441973953783e-05,5,3.322314312970785e-05
927,3.9314441973953783e-05,5,3.322314312970785e-05
928,3.9314441973953783e-05,5,3.322314312970785e-05
929,3.9314441973953783e-05,5,3.322314312970785e-05
930,3.9314441973953783e-05,5,3.322314312970785e-05
931,3.9314441973953783e-05,5,3.322314312970785e-05
932,3.9314441973953783e-05,5,3.322314312970785e-05
933,3.9314441973953783e-05,5,3.322314312970785e-05
934,3.9314441973953783e-05,5,3.322314312970785e-05
935,3.9314441973953783e-05,5,3.322314312970785e-05
936,3.9314441973953783e-05,5,3.322314312970785e-05
937,3.9314441973953783e-05,5,3.322314312970785e-05
938,3.9314441973953783e-05,5,3.322314312970785e-05
939,3.9314441973953783e-05,5,3.322314312970785e-05
940,3.9314441973953783e-05,5,3.322314312970785e-05
941,3.9314441973953783e-05,5,3.322314312970785e-05
942,3.9314441973953783e-05,5,3.322314312970785e-05
943,3.9314441973953783e-05,5,3.322314312970785e-05
944,3.9314441973953783e-05,5,3.322314312970785e-05
945,3.9314441973953783e-05,5,3.322314312970785e-05
946,3.9314441973953783e-05,5,3.322314312970785e-05
947,3.9314441973953783e-05,5,3.322314312970785e-05
948,3.9314441973953783e-05,5,3.322314312970785e-05
949,3.9314441973953783e-05,5,3.322314312970785e-05
950,3.9314441973953783e-05,5,3.322314312970785e-05
951,3.9314441973953783e-05,5,3.322314312970785e-05
952,3.9314441973953783e-05,5,3.322314312970785e-05
953,3.9314441973953783e-05,5,3.322314312970785e-05
954,3.9314441973953783e-05,5,3.322314312970785e-05
955,3.9314441973953783e-05,5,3.322314312970785e-05
956,3.9314441973953783e-05,5,3.322314312970785e-05
957,3.9314441973953783e-05,5,3.322314312970785e-05
958,3.9314441973953783e-05,5,3.322314312970785e-05
959,3.9314441973953783e-05,5,3.322314312970785e-05
960,3.9314441973953783e-05,5,3.322314312970785e-05
961,3.9314441973953783e-05,5,3.322314312970785e-05
962,3.9314441973953783e-05,5,3.322314312970785e-05
963,3.9314441973953783e-05,5,3.322314312970785e-05
964,3.9314441973953783e-05,5,3.322314312970785e-05
965,3.9314441973953783e-05,5,3.322314312970785e-05
966,3.9314441973953783e-05,5,3.322314312970785e-05
967,3.9314441973953783e-05,5,3.322314312970785e-05
968,3.9314441973953783e-05,5,3.322314312970785e-05
969,3.9314441973953783e-05,5,3.322314312970785e-05
970,3.9314441973953783e-05,5,3.322314312970785e-05
971,3.9314441973953783e-05,5,3.322314312970785e-05
972,3.9314441973953783e-05,5,3.322314312970785e-05
973,3.9314441973953783e-05,5,3.322314312970785e-05
974,3.9314441973953783e-05,5,3.322314312970785e-05
975,3.9314441973953783e-05,5,3.322314312970785e-05
976,3.9314441973953783e-05,5,3.322314312970785e-05
977,3.9314441973953783e-05,5,3.322314312970785e-05
978,3.9314441973953783e-05,5,3.322314312970785e-05
979,3.9314441973953783e-05,5,3.322314312970785e-05
980,3.9314441973953783e-05,5,3.322314312970785e-05
981,3.9314441973953783e-05,5,3.322314312970785e-05
982,3.9314441973953783e-05,5,3.322314312970785e-05
983,3.9314441973953783e-05,5,3.322314312970785e-05
984,3.9314441973953783e-05,5,3.322314312970785e-05
985,3.9314441973953783e-05,5,3.322314312970785e-05
986,3.9314441973953783e-05,5,3.322314312970785e-05
987,3.9314441973953783e-05,5,3.322314312970785e-05
988,3.9314441973953783e-05,5,3.322314312970785e-05
989,3.9314441973953783e-05,5,3.322314312970785e-05
990,3.9314441973953783e-05,5,3.322314312970785e-05
991,3.9314441973953783e-05,5,3.322314312970785e-05
992,3.9314441973953783e-05,5,3.322314312970785e-05
993,3.9314441973953783e-05,5,3.322314312970785e-05
994,3.9314441973953783e-05,5,3.322314312970785e-05
995,3.9314441973953783e-05,5,3.322314312970785e-05
996,3.9314441973953783e-05,5,3.322314312970785e-05
997,3.9314441973953783e-05,5,3.322314312970785e-05
998,3.9314441973953783e-05,5,3.322314312970785e-05
999,3.9314441973953783e-05,5,3.322314312970785e-05
1000,3.9314441973953783e-05,5,3.322314312970785e-05
1001,3.9314441973953783e-05,5,3.322314312970785e-05
1002,3.9314441973953783e-05,5,3.322314312970785e-05
1003,3.9314441973953783e-05,5,3.322314312970785e-05
1004,3.9314441973953783e-05,5,3.322314312970785e-05
1005,3.9314441973953783e-05,5,3.322314312970785e-05
1006,3.9314441973953783e-05,5,3.322314312970785e-05
1007,3.9314441973953783e-05,5,3.322314312970785e-05
1008,3.9314441973953783e-05,5,3.322314312970785e-05
1009,3.9314441973953783e-05,5,3.322314312970785e-05
1010,3.9314441973953783e-05,5,3.322314312970785e-05
1011,3.9314441973953783e-05,5,3.322314312970785e-05
1012,3.9314441973953783e-05,5,3.322314312970785e-05
1013,3.9314441973953783e-05,5,3.322314312970785e-05
1014,3.9314441973953783e-05,5,3.322314312970785e-05
1015,3.9314441973953783e-05,5,3.322314312970785e-05
1016,3.9314441973953783e-05,5,3.322314312970785e-05
1017,3.9314441973953783e-05,5,3.322314312970785e-05
1018,3.9314441973953783e-05,5,3.322314312970785e-05
1019,3.9314441973953783e-05,5,3.322314312970785e-05
1020,3.9314441973953783e-05,5,3.322314312970785e-05
1021,3.9314441973953783e-05,5,3.322314312970785e-05
1022,3.9314441973953783e-05,5,3.322314312970785e-05
1023,3.9314441973953783e-05,5,3.322314312970785e-05
1024,3.9314441973953783e-05,5,3.322314312970785e-05
1025,3.9314441973953783e-05,5,3.322314312970785e-05
1026,3.9314441973953783e-05,5,3.322314312970785e-05
1027,3.9314441973953783e-05,5,3.322314312970785e-05
1028,3.9314441973953783e-05,5,3.322314312970785e-05
1029,3.9314441973953783e-05,5,3.322314312970785e-05
1030,3.9314441973953783e-05,5,3.322314312970785e-05
1031,3.9314441973953783e-05,5,3.322314312970785e-05
1032,3.9314441973953783e-05,5,3.322314312970785e-05
1033,3.9314441973953783e-05,5,3.322314312970785e-05
1034,3.9314441973953783e-05,5,3.322314312970785e-05
1035,3.9314441973953783e-05,5,3.322314312970785e-05
1036,3.9314441973953783e-05,5,3.322314312970785e-05
1037,3.9314441973953783e-05,5,3.322314312970785e-05
1038,3.9314441973953783e-05,5,3.322314312970785e-05
1039,3.9314441973953783e-05,5,3.322314312970785e-05
1040,3.9314441973953783e-05,5,3.322314312970785e-05
1041,3.9314441973953783e-05,5,3.322314312970785e-05
1042,3.9314441973953783e-05,5,3.322314312970785e-05
1043,3.9314441973953783e-05,5,3.322314312970785e-05
1044,3.9314441973953783e-05,5,3.322314312970785e-05
1045,3.9314441973953783e-05,5,3.322314312970785e-05
1046,3.9314441973953783e-05,5,3.322314312970785e-05
1047,3.9314441973953783e-05,5,3.322314312970785e-05
1048,3.9314441973953783e-05,5,3.322314312970785e-05
1049,3.9314441973953783e-05,5,3.322314312970785e-05
1050,3.9314441973953783e-05,5,3.322314312970785e-05
1051,3.9314441973953783e-05,5,3.322314312970785e-05
1052,3.9314441973953783e-05,5,3.322314312970785e-05
1053,3.9314441973953783e-05,5,3.322314312970785e-05
1054,3.9314441973953783e-05,5,3.322314312970785e-05
1055,3.9314441973953783e-05,5,3.322314312970785e-05
1056,3.9314441973953783e-05,5,3.322314312970785e-05
1057,4.3776287767873714e-05,4,3.6592110260245065e-05
1058,4.3776287767873714e-05,4,3.6592110260245065e-05
1059,4.3776287767873714e-05,4,3.6592110260245065e-05
1060,4.3776287767873714e-05,4,3.6592110260245065e-05
1061,4.3776287767873714e-05,4,3.6592110260245065e-05
1062,4.3776287767873714e-05,4,3.6592110260245065e-05
1063,4.3776287767873714e-05,4,3.6592110260245065e-05
1064,4.3776287767873714e-05,4,3.6592110260245065e-05
1065,4.3776287767873714e-05,4,3.6592110260245065e-05
1066,4.3776287767873714e-05,4,3.6592110260245065e-05
1067,4.3776287767873714e-05,4,3.6592110260245065e-05
1068,4.3776287767873714e-05,4,3.6592110260245065e-05
1069,4.3776287767873714e-05,4,3.6592110260245065e-05
1070,4.3776287767873714e-05,4,3.6592110260245065e-05
1071,4.3776287767873714e-05,4,3.6592110260245065e-05
1072,4.3776287767873714e-05,4,3.6592110260245065e-05
1073,4.3776287767873714e-05,4,3.6592110260245065e-05
1074,4.3776287767873714e-05,4,3.6592110260245065e-05
1075,4.3776287767873714e-05,4,3.6592110260245065e-05
1076,4.3776287767873714e-05,4,3.6592110260245065e-05
1077,4.3776287767873714e-05,4,3.6592110260245065e-05
1078,4.3776287767873714e-05,4,3.6592110260245065e-05
1079,4.3776287767873714e-05,4,3.6592110260245065e-05
1080,4.3776287767873714e-05,4,3.6592110260245065e-05
1081,4.3776287767873714e-05,4,3.6592110260245065e-05
1082,4.3776287767873714e-05,4,3.6592110260245065e-05
1083,4.3776287767873714e-05,4,3.6592110260245065e-05
1084,4.3776287767873714e-05,4,3.6592110260245065e-05
1085,4.3776287767873714e-05,4,3.6592110260245065e-05
1086,4.3776287767873714e-05,4,3.6592110260245065e-05
1087,4.3776287767873714e-05,4,3.6592110260245065e-05
1088,4.3776287767873714e-05,4,3.6592110260245065e-05
1089,4.3776287767873714e-05,4,3.6592110260245065e-05
1090,4.3776287767873714e-05,4,3.6592110260245065e-05
1091,4.3776287767873714e-05,4,3.6592110260245065e-05
1092,4.3776287767873714e-05,4,3.6592110260245065e-05
1093,4.3776287767873714e-05,4,3.6592110260245065e-05
1094,4.3776287767873714e-05,4,3.6592110260245065e-05
1095,4.3776287767873714e-05,4,3.6592110260245065e-05
1096,4.3776287767873714e-05,4,3.6592110260245065e-05
1097,4.3776287767873714e-05,4,3.6592110260245065e-05
1098,4.3776287767873714e-05,4,3.6592110260245065e-05
1099,4.3776287767873714e-05,4,3.6592110260245065e-05
1100,4.3776287767873714e-05,4,3.6592110260245065e-05
1101,4.3776287767873714e-05,4,3.6592110260245065e-05
1102,4.3776287767873714e-05,4,3.6592110260245065e-05
1103,4.3776287767873714e-05,4,3.6592110260245065e-05
1104,4.3776287767873714e-05,4,3.6592110260245065e-05
1105,4.3776287767873714e-05,4,3.6592110260245065e-05
1106,4.3776287767873714e-05,4,3.6592110260245065e-05
1107,4.3776287767873714e-05,4,3.6592110260245065e-05
1108,2.7666225328765452e-05,3,2.1243096036008918e-05
1109,2.7666225328765452e-05,3,2.1243096036008918e-05
1110,2.7666225328765452e-05,3,2.1243096036008918e-05
1111,2.7666225328765452e-05,3,2.1243096036008918e-05
1112,2.7666225328765452e-05,3,2.1243096036008918e-05
1113,2.7666225328765452e-05,3,2.1243096036008918e-05
1114,2.7666225328765452e-05,3,2.1243096036008918e-05
1115,2.7666225328765452e-05,3,2.1243096036008918e-05
1116,2.7666225328765452e-05,3,2.1243096036008918e-05
1117,2.7666225328765452e-05,3,2.1243096036008918e-05
1118,2.7666225328765452e-05,3,2.1243096036008918e-05
1119,2.7666225328765452e-05,3,2.1243096036008918e-05
1120,2.7666225328765452e-05,3,2.1243096036008918e-05
1121,2.7666225328765452e-05,3,2.1243096036008918e-05
1122,2.7666225328765452e-05,3,2.1243096036008918e-05
1123,2.7666225328765452e-05,3,2.1243096036008918e-05
1124,2.7666225328765452e-05,3,2.1243096036008918e-05
1125,2.7666225328765452e-05,3,2.1243096036008918e-05
1126,2.7666225328765452e-05,3,2.1243096036008918e-05
1127,2.7666225328765452e-05,3,2.1243096036008918e-05
1128,2.7666225328765452e-05,3,2.1243096036008918e-05
1129,2.7666225328765452e-05,3,2.1243096036008918e-05
1130,2.7666225328765452e-05,3,2.1243096036008918e-05
1131,2.7666225328765452e-05,3,2.1243096036008918e-05
1132,2.7666225328765452e-05,3,2.1243096036008918e-05
1133,2.7666225328765452e-05,3,2.1243096036008918e-05
1134,2.7666225328765452e-05,3,2.1243096036008918e-05
1135,2.7666225328765452e-05,3,2.1243096036008918e-05
1136,2.7666225328765452e-05,3,2.1243096036008918e-05
1137,2.7666225328765452e-05,3,2.1243096036008918e-05
1138,2.7666225328765452e-05,3,2.1243096036008918e-05
1139,2.7666225328765452e-05,3,2.1243096036008918e-05
1140,2.7666225328765452e-05,3,2.1243096036008918e-05
1141,2.7666225328765452e-05,3,2.1243096036008918e-05
1142,2.7666225328765452e-05,3,2.1243096036008918e-05
1143,2.7666225328765452e-05,3,2.1243096036008918e-05
1144,2.7666225328765452e-05,3,2.1243096036008918e-05
1145,2.7666225328765452e-05,3,2.1243096036008918e-05
1146,2.7666225328765452e-05,3,2.1243096036008918e-05
1147,2.7666225328765452e-05,3,2.1243096036008918e-05
1148,2.7666225328765452e-05,3,2.1243096036008918e-05
1149,2.7666225328765452e-05,3,2.1243096036008918e-05
1150,2.7666225328765452e-05,3,2.1243096036008918e-05
1151,2.7666225328765452e-05,3,2.1243096036008918e-05
1152,2.7666225328765452e-05,3,2.1243096036008918e-05
1153,2.7666225328765452e-05,3,2.1243096036008918e-05
1154,2.7666225328765452e-05,3,2.1243096036008918e-05
1155,2.7666225328765452e-05,3,2.1243096036008918e-05
1156,2.7666225328765452e-05,3,2.1243096036008918e-05
1157,2.7666225328765452e-05,3,2.1243096036008918e-05
1158,2.7666225328765452e-05,3,2.1243096036008918e-05
1159,2.7666225328765452e-05,3,2.1243096036008918e-05
1160,2.7666225328765452e-05,3,2.1243096036008918e-05
1161,2.7666225328765452e-05,3,2.1243096036008918e-05
1162,2.7666225328765452e-05,3,2.1243096036008918e-05
1163,2.7666225328765452e-05,3,2.1243096036008918e-05
1164,2.7666225328765452e-05,3,2.1243096036008918e-05
1165,2.7666225328765452e-05,3,2.1243096036008918e-05
1166,2.7666225328765452e-05,3,2.1243096036008918e-05
1167,2.7666225328765452e-05,3,2.1243096036008918e-05
1168,2.7666225328765452e-05,3,2.1243096036008918e-05
1169,2.7666225328765452e-05,3,2.1243096036008918e-05
1170,2.7666225328765452e-05,3,2.1243096036008918e-05
1171,2.7666225328765452e-05,3,2.1243096036008918e-05
1172,2.7666225328765452e-05,3,2.1243096036008918e-05
1173,2.7666225328765452e-05,3,2.1243096036008918e-05
1174,2.7666225328765452e-05,3,2.1243096036008918e-05
1175,2.7666225328765452e-05,3,2.1243096036008918e-05
1176,2.7666225328765452e-05,3,2.1243096036008918e-05
1177,2.7666225328765452e-05,3,2.1243096036008918e-05
1178,2.7666225328765452e-05,3,2.1243096036008918e-05
1179,2.7666225328765452e-05,3,2.1243096036008918e-05
1180,2.7666225328765452e-05,3,2.1243096036008918e-05
1181,2.7666225328765452e-05,3,2.1243096036008918e-05
1182,2.7666225328765452e-05,3,2.1243096036008918e-05
1183,2.7666225328765452e-05,3,2.1243096036008918e-05
1184,2.7666225328765452e-05,3,2.1243096036008918e-05
1185,2.7666225328765452e-05,3,2.1243096036008918e-05
1186,2.7666225328765452e-05,3,2.1243096036008918e-05
1187,2.7666225328765452e-05,3,2.1243096036008918e-05
1188,2.7666225328765452e-05,3,2.1243096036008918e-05
1189,2.7666225328765452e-05,3,2.1243096036008918e-05
1190,2.7666225328765452e-05,3,2.1243096036008918e-05
1191,2.7666225328765452e-05,3,2.1243096036008918e-05
1192,2.7666225328765452e-05,3,2.1243096036008918e-05
1193,2.7666225328765452e-05,3,2.1243096036008918e-05
1194,2.7666225328765452e-05,3,2.1243096036008918e-05
1195,2.7666225328765452e-05,3,2.1243096036008918e-05
1196,2.7666225328765452e-05,3,2.1243096036008918e-05
1197,2.7666225328765452e-05,3,2.1243096036008918e-05
1198,2.7666225328765452e-05,3,2.1243096036008918e-05
1199,2.7666225328765452e-05,3,2.1243096036008918e-05
1200,2.7666225328765452e-05,3,2.1243096036008918e-05
1201,2.7666225328765452e-05,3,2.1243096036008918e-05
1202,2.7666225328765452e-05,3,2.1243096036008918e-05
1203,2.7666225328765452e-05,3,2.1243096036008918e-05
1204,2.7666225328765452e-05,3,2.1243096036008918e-05
1205,2.7666225328765452e-05,3,2.1243096036008918e-05
1206,2.7666225328765452e-05,3,2.1243096036008918e-05
1207,2.7666225328765452e-05,3,2.1243096036008918e-05
1208,2.7666225328765452e-05,3,2.1243096036008918e-05
1209,2.7666225328765452e-05,3,2.1243096036008918e-05
1210,2.7666225328765452e-05,3,2.1243096036008918e-05
1211,2.7666225328765452e-05,3,2.1243096036008918e-05
1212,2.7666225328765452e-05,3,2.1243096036008918e-05
1213,2.7666225328765452e-05,3,2.1243096036008918e-05
1214,2.7666225328765452e-05,3,2.1243096036008918e-05
1215,2.7666225328765452e-05,3,2.1243096036008918e-05
1216,2.7666225328765452e-05,3,2.1243096036008918e-05
1217,2.7666225328765452e-05,3,2.1243096036008918e-05
1218,2.7666225328765452e-05,3,2.1243096036008918e-05
1219,2.7666225328765452e-05,3,2.1243096036008918e-05
1220,1.901181330951804e-05,3,6.789046858662227e-06
1221,1.901181330951804e-05,3,6.789046858662227e-06
1222,1.901181330951804e-05,3,6.789046858662227e-06
1223,1.901181330951804e-05,3,6.789046858662227e-06
1224,1.901181330951804e-05,3,6.789046858662227e-06
1225,1.901181330951804e-05,3,6.789046858662227e-06
1226,1.901181330951804e-05,3,6.789046858662227e-06
1227,1.901181330951804e-05,3,6.789046858662227e-06
1228,1.901181330951804e-05,3,6.789046858662227e-06
1229,1.901181330951804e-05,3,6.789046858662227e-06
1230,1.901181330951804e-05,3,6.789046858662227e-06
1231,1.901181330951804e-05,3,6.789046858662227e-06
1232,1.901181330951804e-05,3,6.789046858662227e-06
1233,1.901181330951804e-05,3,6.789046858662227e-06
1234,1.901181330951804e-05,3,6.789046858662227e-06
1235,1.901181330951804e-05,3,6.789046858662227e-06
1236,1.901181330951804e-05,3,6.789046858662227e-06
1237,1.901181330951804e-05,3,6.789046858662227e-06
1238,1.901181330951804e-05,3,6.789046858662227e-06
1239,1.901181330951804e-05,3,6.789046858662227e-06
1240,1.901181330951804e-05,3,6.789046858662227e-06
1241,1.901181330951804e-05,3,6.789046858662227e-06
1242,1.901181330951804e-05,3,6.789046858662227e-06
1243,1.901181330951804e-05,3,6.789046858662227e-06
1244,1.901181330951804e-05,3,6.789046858662227e-06
1245,1.901181330951804e-05,3,6.789046858662227e-06
1246,1.901181330951804e-05,3,6.789046858662227e-06
1247,1.901181330951804e-05,3,6.789046858662227e-06
1248,1.901181330951804e-05,3,6.789046858662227e-06
1249,1.901181330951804e-05,3,6.789046858662227e-06
1250,1.901181330951804e-05,3,6.789046858662227e-06
1251,1.9180477438739703e-05,2,9.592269229296388e-06
1252,1.9180477438739703e-05,2,9.592269229296388e-06
1253,1.9180477438739703e-05,2,9.592269229296388e-06
1254,1.9180477438739703e-05,2,9.592269229296388e-06
1255,1.9180477438739703e-05,2,9.592269229296388e-06
1256,1.9180477438739703e-05,2,9.592269229296388e-06
1257,1.9180477438739703e-05,2,9.592269229296388e-06
1258,1.9180477438739703e-05,2,9.592269229296388e-06
1259,1.9180477438739703e-05,2,9.592269229296388e-06
1260,1.9180477438739703e-05,2,9.592269229296388e-06
1261,1.9180477438739703e-05,2,9.592269229296388e-06
1262,1.9180477438739703e-05,2,9.592269229296388e-06
1263,1.9180477438739703e-05,2,9.592269229296388e-06
1264,1.9180477438739703e-05,2,9.592269229296388e-06
1265,1.9180477438739703e-05,2,9.592269229296388e-06
1266,1.9180477438739703e-05,2,9.592269229296388e-06
1267,1.9180477438739703e-05,2,9.592269229296388e-06
1268,1.9180477438739703e-05,2,9.592269229296388e-06
1269,1.9180477438739703e-05,2,9.592269229296388e-06
1270,1.9180477438739703e-05,2,9.592269229296388e-06
1271,1.9180477438739703e-05,2,9.592269229296388e-06
1272,1.9180477438739703e-05,2,9.592269229296388e-06
1273,1.9180477438739703e-05,2,9.592269229296388e-06
1274,1.9180477438739703e-05,2,9.592269229296388e-06
1275,1.9180477438739703e-05,2,9.592269229296388e-06
1276,1.9180477438739703e-05,2,9.592269229296388e-06
1277,1.9180477438739703e-05,2,9.592269229296388e-06
1278,1.9180477438739703e-05,2,9.592269229296388e-06
1279,1.9180477438739703e-05,2,9.592269229296388e-06
1280,1.9180477438739703e-05,2,9.592269229296388e-06
1281,1.9180477438739703e-05,2,9.592269229296388e-06
1282,1.9180477438739703e-05,2,9.592269229296388e-06
1283,1.9180477438739703e-05,2,9.592269229296388e-06
1284,1.9180477438739703e-05,2,9.592269229296388e-06
1285,1.9180477438739703e-05,2,9.592269229296388e-06
1286,1.9180477438739703e-05,2,9.592269229296388e-06
1287,1.9180477438739703e-05,2,9.592269229296388e-06
1288,1.9180477438739703e-05,2,9.592269229296388e-06
1289,1.9180477438739703e-05,2,9.592269229296388e-06
1290,1.9180477438739703e-05,2,9.592269229296388e-06
1291,1.9180477438739703e-05,2,9.592269229296388e-06
1292,1.9180477438739703e-05,2,9.592269229296388e-06
1293,1.9180477438739703e-05,2,9.592269229296388e-06
1294,1.9180477438739703e-05,2,9.592269229296388e-06
1295,1.9180477438739703e-05,2,9.592269229296388e-06
1296,1.9180477438739703e-05,2,9.592269229296388e-06
1297,1.9180477438739703e-05,2,9.592269229296388e-06
1298,1.9180477438739703e-05,2,9.592269229296388e-06
1299,1.9180477438739703e-05,2,9.592269229296388e-06
1300,1.9180477438739703e-05,2,9.592269229296388e-06
1301,1.9180477438739703e-05,2,9.592269229296388e-06
1302,1.9180477438739703e-05,2,9.592269229296388e-06
1303,1.9180477438739703e-05,2,9.592269229296388e-06
1304,1.9180477438739703e-05,2,9.592269229296388e-06
1305,1.9180477438739703e-05,2,9.592269229296388e-06
1306,1.9180477438739703e-05,2,9.592269229296388e-06
1307,1.9180477438739703e-05,2,9.592269229296388e-06
1308,1.9180477438739703e-05,2,9.592269229296388e-06
1309,1.9180477438739703e-05,2,9.592269229296388e-06
1310,1.9180477438739703e-05,2,9.592269229296388e-06
1311,1.9180477438739703e-05,2,9.592269229296388e-06
1312,1.9180477438739703e-05,2,9.592269229296388e-06
1313,1.9180477438739703e-05,2,9.592269229296388e-06
1314,1.9180477438739703e-05,2,9.592269229296388e-06
1315,1.9180477438739703e-05,2,9.592269229296388e-06
1316,1.9180477438739703e-05,2,9.592269229296388e-06
1317,1.9180477438739703e-05,2,9.592269229296388e-06
1318,1.9180477438739703e-05,2,9.592269229296388e-06
1319,1.9180477438739703e-05,2,9.592269229296388e-06
1320,1.9180477438739703e-05,2,9.592269229296388e-06
1321,1.9180477438739703e-05,2,9.592269229296388e-06
1322,1.9180477438739703e-05,2,9.592269229296388e-06
1323,1.9180477438739703e-05,2,9.592269229296388e-06
1324,1.9180477438739703e-05,2,9.592269229296388e-06
1325,1.9180477438739703e-05,2,9.592269229296388e-06
1326,1.9180477438739703e-05,2,9.592269229296388e-06
1327,1.9180477438739703e-05,2,9.592269229296388e-06
1328,1.9180477438739703e-05,2,9.592269229296388e-06
1329,1.9180477438739703e-05,2,9.592269229296388e-06
1330,1.9180477438739703e-05,2,9.592269229296388e-06
1331,1.9180477438739703e-05,2,9.592269229296388e-06
1332,1.9180477438739703e-05,2,9.592269229296388e-06
1333,1.9180477438739703e-05,2,9.592269229296388e-06
1334,1.9180477438739703e-05,2,9.592269229296388e-06
1335,1.9180477438739703e-05,2,9.592269229296388e-06
1336,1.9180477438739703e-05,2,9.592269229296388e-06
1337,1.9180477438739703e-05,2,9.592269229296388e-06
1338,1.9180477438739703e-05,2,9.592269229296388e-06
1339,1.9180477438739703e-05,2,9.592269229296388e-06
1340,1.9180477438739703e-05,2,9.592269229296388e-06
1341,1.9180477438739703e-05,2,9.592269229296388e-06
1342,1.9180477438739703e-05,2,9.592269229296388e-06
1343,1.9180477438739703e-05,2,9.592269229296388e-06
1344,1.9180477438739703e-05,2,9.592269229296388e-06
1345,1.9180477438739703e-05,2,9.592269229296388e-06
1346,1.9180477438739703e-05,2,9.592269229296388e-06
1347,1.9180477438739703e-05,2,9.592269229296388e-06
1348,1.9180477438739703e-05,2,9.592269229296388e-06
1349,1.9180477438739703e-05,2,9.592269229296388e-06
1350,1.9180477438739703e-05,2,9.592269229296388e-06
1351,1.9180477438739703e-05,2,9.592269229296388e-06
1352,1.9180477438739703e-05,2,9.592269229296388e-06
1353,1.9180477438739703e-05,2,9.592269229296388e-06
1354,1.9180477438739703e-05,2,9.592269229296388e-06
1355,1.9180477438739703e-05,2,9.592269229296388e-06
1356,1.9180477438739703e-05,2,9.592269229296388e-06
1357,1.9180477438739703e-05,2,9.592269229296388e-06
1358,1.9180477438739703e-05,2,9.592269229296388e-06
1359,1.9180477438739703e-05,2,9.592269229296388e-06
1360,1.9180477438739703e-05,2,9.592269229296388e-06
1361,1.9180477438739703e-05,2,9.592269229296388e-06
1362,1.9180477438739703e-05,2,9.592269229296388e-06
1363,1.9180477438739703e-05,2,9.592269229296388e-06
1364,1.9180477438739703e-05,2,9.592269229296388e-06
1365,1.9180477438739703e-05,2,9.592269229296388e-06
1366,1.9180477438739703e-05,2,9.592269229296388e-06
1367,1.9180477438739703e-05,2,9.592269229296388e-06
1368,1.9180477438739703e-05,2,9.592269229296388e-06
1369,1.9180477438739703e-05,2,9.592269229296388e-06
1370,1.9180477438739703e-05,2,9.592269229296388e-06
1371,1.9180477438739703e-05,2,9.592269229296388e-06
1372,1.9180477438739703e-05,2,9.592269229296388e-06
1373,1.9180477438739703e-05,2,9.592269229296388e-06
1374,1.9180477438739703e-05,2,9.592269229296388e-06
1375,1.9180477438739703e-05,2,9.592269229296388e-06
1376,1.9180477438739703e-05,2,9.592269229296388e-06
1377,1.9180477438739703e-05,2,9.592269229296388e-06
1378,1.9180477438739703e-05,2,9.592269229296388e-06
1379,1.9180477438739703e-05,2,9.592269229296388e-06
1380,1.9180477438739703e-05,2,9.592269229296388e-06
1381,1.9180477438739703e-05,2,9.592269229296388e-06
1382,1.9180477438739703e-05,2,9.592269229296388e-06
1383,1.9180477438739703e-05,2,9.592269229296388e-06
1384,1.9180477438739703e-05,2,9.592269229296388e-06
1385,1.9180477438739703e-05,2,9.592269229296388e-06
1386,1.9180477438739703e-05,2,9.592269229296388e-06
1387,1.9180477438739703e-05,2,9.592269229296388e-06
1388,1.9180477438739703e-05,2,9.592269229296388e-06
1389,1.9180477438739703e-05,2,9.592269229296388e-06
1390,1.9180477438739703e-05,2,9.592269229296388e-06
1391,1.9180477438739703e-05,2,9.592269229296388e-06
1392,1.9180477438739703e-05,2,9.592269229296388e-06
1393,1.9180477438739703e-05,2,9.592269229296388e-06
1394,1.9180477438739703e-05,2,9.592269229296388e-06
1395,1.9180477438739703e-05,2,9.592269229296388e-06
1396,1.9180477438739703e-05,2,9.592269229296388e-06
1397,1.9180477438739703e-05,2,9.592269229296388e-06
1398,1.9180477438739703e-05,2,9.592269229296388e-06
1399,1.9180477438739703e-05,2,9.592269229296388e-06
1400,1.9180477438739703e-05,2,9.592269229296388e-06
1401,1.9180477438739703e-05,2,9.592269229296388e-06
1402,1.9180477438739703e-05,2,9.592269229296388e-06
1403,1.9180477438739703e-05,2,9.592269229296388e-06
1404,1.9180477438739703e-05,2,9.592269229296388e-06
1405,1.9180477438739703e-05,2,9.592269229296388e-06
1406,1.9180477438739703e-05,2,9.592269229296388e-06
1407,1.9180477438739703e-05,2,9.592269229296388e-06
1408,1.9180477438739703e-05,2,9.592269229296388e-06
1409,1.9180477438739703e-05,2,9.592269229296388e-06
1410,1.9180477438739703e-05,2,9.592269229296388e-06
1411,1.9180477438739703e-05,2,9.592269229296388e-06
1412,1.9180477438739703e-05,2,9.592269229296388e-06
1413,1.9180477438739703e-05,2,9.592269229296388e-06
1414,1.9180477438739703e-05,2,9.592269229296388e-06
1415,1.9180477438739703e-05,2,9.592269229296388e-06
1416,1.9180477438739703e-05,2,9.592269229296388e-06
1417,1.9180477438739703e-05,2,9.592269229296388e-06
1418,1.9180477438739703e-05,2,9.592269229296388e-06
1419,1.9180477438739703e-05,2,9.592269229296388e-06
1420,1.9180477438739703e-05,2,9.592269229296388e-06
1421,1.9180477438739703e-05,2,9.592269229296388e-06
1422,1.9180477438739703e-05,2,9.592269229296388e-06
1423,1.9180477438739703e-05,2,9.592269229296388e-06
1424,1.9180477438739703e-05,2,9.592269229296388e-06
1425,1.9180477438739703e-05,2,9.592269229296388e-06
1426,1.9180477438739703e-05,2,9.592269229296388e-06
1427,1.9180477438739703e-05,2,9.592269229296388e-06
1428,1.9180477438739703e-05,2,9.592269229296388e-06
1429,1.9180477438739703e-05,2,9.592269229296388e-06
1430,1.9180477438739703e-05,2,9.592269229296388e-06
1431,1.9180477438739703e-05,2,9.592269229296388e-06
1432,1.9180477438739703e-05,2,9.592269229296388e-06
1433,1.9180477438739703e-05,2,9.592269229296388e-06
1434,1.9180477438739703e-05,2,9.592269229296388e-06
1435,1.9180477438739703e-05,2,9.592269229296388e-06
1436,1.9180477438739703e-05,2,9.592269229296388e-06
1437,1.9180477438739703e-05,2,9.592269229296388e-06
1438,1.9180477438739703e-05,2,9.592269229296388e-06
1439,1.9180477438739703e-05,2,9.592269229296388e-06
1440,1.9180477438739703e-05,2,9.592269229296388e-06
1441,1.9180477438739703e-05,2,9.592269229296388e-06
1442,1.9180477438739703e-05,2,9.592269229296388e-06
1443,1.9180477438739703e-05,2,9.592269229296388e-06
1444,1.9180477438739703e-05,2,9.592269229296388e-06
1445,1.9180477438739703e-05,2,9.592269229296388e-06
1446,1.9180477438739703e-05,2,9.592269229296388e-06
1447,1.9180477438739703e-05,2,9.592269229296388e-06
1448,1.9180477438739703e-05,2,9.592269229296388e-06
1449,1.9180477438739703e-05,2,9.592269229296388e-06
1450,1.9180477438739703e-05,2,9.592269229296388e-06
1451,1.9180477438739703e-05,2,9.592269229296388e-06
1452,1.9180477438739703e-05,2,9.592269229296388e-06
1453,1.9180477438739703e-05,2,9.592269229296388e-06
1454,1.9180477438739703e-05,2,9.592269229296388e-06
1455,1.9180477438739703e-05,2,9.592269229296388e-06
1456,1.9180477438739703e-05,2,9.592269229296388e-06
1457,1.9180477438739703e-05,2,9.592269229296388e-06
1458,1.9180477438739703e-05,2,9.592269229296388e-06
1459,1.9180477438739703e-05,2,9.592269229296388e-06
1460,1.9180477438739703e-05,2,9.592269229296388e-06
1461,1.9180477438739703e-05,2,9.592269229296388e-06
1462,1.9180477438739703e-05,2,9.592269229296388e-06
1463,1.9180477438739703e-05,2,9.592269229296388e-06
1464,1.9180477438739703e-05,2,9.592269229296388e-06
1465,1.9180477438739703e-05,2,9.592269229296388e-06
1466,1.9180477438739703e-05,2,9.592269229296388e-06
1467,1.9180477438739703e-05,2,9.592269229296388e-06
1468,1.9180477438739703e-05,2,9.592269229296388e-06
1469,1.9180477438739703e-05,2,9.592269229296388e-06
1470,1.9180477438739703e-05,2,9.592269229296388e-06
1471,1.9180477438739703e-05,2,9.592269229296388e-06
1472,1.9180477438739703e-05,2,9.592269229296388e-06
1473,1.9180477438739703e-05,2,9.592269229296388e-06
1474,1.9180477438739703e-05,2,9.592269229296388e-06
1475,1.9180477438739703e-05,2,9.592269229296388e-06
1476,1.9180477438739703e-05,2,9.592269229296388e-06
1477,1.9180477438739703e-05,2,9.592269229296388e-06
1478,1.9180477438739703e-05,2,9.592269229296388e-06
1479,1.9180477438739703e-05,2,9.592269229296388e-06
1480,1.9180477438739703e-05,2,9.592269229296388e-06
1481,1.9180477438739703e-05,2,9.592269229296388e-06
1482,1.9180477438739703e-05,2,9.592269229296388e-06
1483,1.9180477438739703e-05,2,9.592269229296388e-06
1484,1.9180477438739703e-05,2,9.592269229296388e-06
1485,1.9180477438739703e-05,2,9.592269229296388e-06
1486,1.9180477438739703e-05,2,9.592269229296388e-06
1487,1.9180477438739703e-05,2,9.592269229296388e-06
1488,1.9180477438739703e-05,2,9.592269229296388e-06
1489,1.9180477438739703e-05,2,9.592269229296388e-06
1490,1.9180477438739703e-05,2,9.592269229296388e-06
1491,1.9180477438739703e-05,2,9.592269229296388e-06
1492,1.9180477438739703e-05,2,9.592269229296388e-06
1493,1.9180477438739703e-05,2,9.592269229296388e-06
1494,1.9180477438739703e-05,2,9.592269229296388e-06
1495,1.9180477438739703e-05,2,9.592269229296388e-06
1496,1.9180477438739703e-05,2,9.592269229296388e-06
1497,1.9180477438739703e-05,2,9.592269229296388e-06
1498,1.9180477438739703e-05,2,9.592269229296388e-06
1499,1.9180477438739703e-05,2,9.592269229296388e-06
1500,1.9180477438739703e-05,2,9.592269229296388e-06
1501,1.9180477438739703e-05,2,9.592269229296388e-06
1502,1.9180477438739703e-05,2,9.592269229296388e-06
1503,1.9180477438739703e-05,2,9.592269229296388e-06
1504,1.9180477438739703e-05,2,9.592269229296388e-06
1505,1.9180477438739703e-05,2,9.592269229296388e-06
1506,1.9180477438739703e-05,2,9.592269229296388e-06
1507,2.5963236057742237e-05,1,
1508,2.5963236057742237e-05,1,
1509,2.5963236057742237e-05,1,
1510,2.5963236057742237e-05,1,
1511,2.5963236057742237e-05,1,
1512,2.5963236057742237e-05,1,
1513,2.5963236057742237e-05,1,
1514,2.5963236057742237e-05,1,
1515,2.5963236057742237e-05,1,
1516,2.5963236057742237e-05,1,
1517,2.5963236057742237e-05,1,
1518,2.5963236057742237e-05,1,
1519,2.5963236057742237e-05,1,
1520,2.5963236057742237e-05,1,
1521,2.5963236057742237e-05,1,
1522,2.5963236057742237e-05,1,
1523,2.5963236057742237e-05,1,
1524,2.5963236057742237e-05,1,
1525,2.5963236057742237e-05,1,
1526,2.5963236057742237e-05,1,
1527,2.5963236057742237e-05,1,
1528,2.5963236057742237e-05,1,
1529,2.5963236057742237e-05,1,
1530,2.5963236057742237e-05,1,
1531,2.5963236057742237e-05,1,
1532,2.5963236057742237e-05,1,
1533,2.5963236057742237e-05,1,
1534,2.5963236057742237e-05,1,
1535,2.5963236057742237e-05,1,
1536,2.5963236057742237e-05,1,
1537,2.5963236057742237e-05,1,
1538,2.5963236057742237e-05,1,
1539,2.5963236057742237e-05,1,
1540,2.5963236057742237e-05,1,
1541,2.5963236057742237e-05,1,
1542,2.5963236057742237e-05,1,
1543,2.5963236057742237e-05,1,
1544,2.5963236057742237e-05,1,
1545,2.5963236057742237e-05,1,
1546,2.5963236057742237e-05,1,
1547,2.5963236057742237e-05,1,
1548,2.5963236057742237e-05,1,
1549,2.5963236057742237e-05,1,
1550,2.5963236057742237e-05,1,
1551,2.5963236057742237e-05,1,
1552,2.5963236057742237e-05,1,
1553,2.5963236057742237e-05,1,
1554,2.5963236057742237e-05,1,
1555,2.5963236057742237e-05,1,
1556,2.5963236057742237e-05,1,
1557,2.5963236057742237e-05,1,
1558,2.5963236057742237e-05,1,
1559,2.5963236057742237e-05,1,
1560,2.5963236057742237e-05,1,
1561,2.5963236057742237e-05,1,
1562,2.5963236057742237e-05,1,
1563,2.5963236057742237e-05,1,
1564,2.5963236057742237e-05,1,
1565,2.5963236057742237e-05,1,
1566,2.5963236057742237e-05,1,
1567,2.5963236057742237e-05,1,
1568,2.5963236057742237e-05,1,
1569,2.5963236057742237e-05,1,
1570,2.5963236057742237e-05,1,
1571,2.5963236057742237e-05,1,
1572,2.5963236057742237e-05,1,
1573,2.5963236057742237e-05,1,
1574,2.5963236057742237e-05,1,
1575,2.5963236057742237e-05,1,
1576,2.5963236057742237e-05,1,
1577,2.5963236057742237e-05,1,
1578,2.5963236057742237e-05,1,
1579,2.5963236057742237e-05,1,
1580,2.5963236057742237e-05,1,
1581,2.5963236057742237e-05,1,
1582,2.5963236057742237e-05,1,
1583,2.5963236057742237e-05,1,
1584,2.5963236057742237e-05,1,
1585,2.5963236057742237e-05,1,
1586,2.5963236057742237e-05,1,
1587,2.5963236057742237e-05,1,
1588,2.5963236057742237e-05,1,
1589,2.5963236057742237e-05,1,
1590,2.5963236057742237e-05,1,
1591,2.5963236057742237e-05,1,
1592,2.5963236057742237e-05,1,
1593,2.5963236057742237e-05,1,
1594,2.5963236057742237e-05,1,
1595,2.5963236057742237e-05,1,
1596,2.5963236057742237e-05,1,
1597,2.5963236057742237e-05,1,
1598,2.5963236057742237e-05,1,
1599,2.5963236057742237e-05,1,
1600,2.5963236057742237e-05,1,
1601,2.5963236057742237e-05,1,
1602,2.5963236057742237e-05,1,
1603,2.5963236057742237e-05,1,
1604,2.5963236057742237e-05,1,
1605,2.5963236057742237e-05,1,
1606,2.5963236057742237e-05,1,
1607,2.5963236057742237e-05,1,
1608,2.5963236057742237e-05,1,
1609,2.5963236057742237e-05,1,
1610,2.5963236057742237e-05,1,
1611,2.5963236057742237e-05,1,
1612,2.5963236057742237e-05,1,
1613,2.5963236057742237e-05,1,
1614,2.5963236057742237e-05,1,
1615,2.5963236057742237e-05,1,
1616,2.5963236057742237e-05,1,
1617,2.5963236057742237e-05,1,
1618,2.5963236057742237e-05,1,
1619,2.5963236057742237e-05,1,
1620,2.5963236057742237e-05,1,
1621,2.5963236057742237e-05,1,
1622,2.5963236057742237e-05,1,
1623,2.5963236057742237e-05,1,
1624,2.5963236057742237e-05,1,
1625,2.5963236057742237e-05,1,
1626,2.5963236057742237e-05,1,
1627,2.5963236057742237e-05,1,
1628,2.5963236057742237e-05,1,
1629,2.5963236057742237e-05,1,
1630,2.5963236057742237e-05,1,
1631,2.5963236057742237e-05,1,
1632,2.5963236057742237e-05,1,
1633,2.5963236057742237e-05,1,
1634,2.5963236057742237e-05,1,
1635,2.5963236057742237e-05,1,
1636,2.5963236057742237e-05,1,
1637,2.5963236057742237e-05,1,
1638,2.5963236057742237e-05,1,
1639,2.5963236057742237e-05,1,
1640,2.5963236057742237e-05,1,
1641,2.5963236057742237e-05,1,
1642,2.5963236057742237e-05,1,
1643,2.5963236057742237e-05,1,
1644,2.5963236057742237e-05,1,
1645,2.5963236057742237e-05,1,
1646,2.5963236057742237e-05,1,
1647,2.5963236057742237e-05,1,
1648,2.5963236057742237e-05,1,
1649,2.5963236057742237e-05,1,
1650,2.5963236057742237e-05,1,
1651,2.5963236057742237e-05,1,
1652,2.5963236057742237e-05,1,
1653,2.5963236057742237e-05,1,
1654,2.5963236057742237e-05,1,
1655,2.5963236057742237e-05,1,
1656,2.5963236057742237e-05,1,
1657,2.5963236057742237e-05,1,
1658,2.5963236057742237e-05,1,
1659,2.5963236057742237e-05,1,
1660,2.5963236057742237e-05,1,
1661,2.5963236057742237e-05,1,
1662,2.5963236057742237e-05,1,
1663,2.5963236057742237e-05,1,
1664,2.5963236057742237e-05,1,
1665,2.5963236057742237e-05,1,
1666,2.5963236057742237e-05,1,
1667,2.5963236057742237e-05,1,
1668,2.5963236057742237e-05,1,
1669,2.5963236057742237e-05,1,
1670,2.5963236057742237e-05,1,
1671,2.5963236057742237e-05,1,
1672,2.5963236057742237e-05,1,
1673,2.5963236057742237e-05,1,
1674,2.5963236057742237e-05,1,
1675,2.5963236057742237e-05,1,
1676,2.5963236057742237e-05,1,
1677,2.5963236057742237e-05,1,
1678,2.5963236057742237e-05,1,
1679,2.5963236057742237e-05,1,
1680,2.5963236057742237e-05,1,
1681,2.5963236057742237e-05,1,
1682,2.5963236057742237e-05,1,
1683,2.5963236057742237e-05,1,
1684,2.5963236057742237e-05,1,
1685,2.5963236057742237e-05,1,
1686,2.5963236057742237e-05,1,
1687,2.5963236057742237e-05,1,
1688,2.5963236057742237e-05,1,
1689,2.5963236057742237e-05,1,
1690,2.5963236057742237e-05,1,
1691,2.5963236057742237e-05,1,
1692,2.5963236057742237e-05,1,
1693,2.5963236057742237e-05,1,
1694,2.5963236057742237e-05,1,
1695,2.5963236057742237e-05,1,
1696,2.5963236057742237e-05,1,
1697,2.5963236057742237e-05,1,
1698,2.5963236057742237e-05,1,
1699,2.5963236057742237e-05,1,
1700,2.5963236057742237e-05,1,
1701,2.5963236057742237e-05,1,
1702,2.5963236057742237e-05,1,
1703,2.5963236057742237e-05,1,
1704,2.5963236057742237e-05,1,
1705,2.5963236057742237e-05,1,
1706,2.5963236057742237e-05,1,
1707,2.5963236057742237e-05,1,
1708,2.5963236057742237e-05,1,
1709,2.5963236057742237e-05,1,
1710,2.5963236057742237e-05,1,
1711,2.5963236057742237e-05,1,
1712,2.5963236057742237e-05,1,
1713,2.5963236057742237e-05,1,
1714,2.5963236057742237e-05,1,
1715,2.5963236057742237e-05,1,
1716,2.5963236057742237e-05,1,
1717,2.5963236057742237e-05,1,
1718,2.5963236057742237e-05,1,
1719,2.5963236057742237e-05,1,
1720,2.5963236057742237e-05,1,
1721,2.5963236057742237e-05,1,
1722,2.5963236057742237e-05,1,
1723,2.5963236057742237e-05,1,
1724,2.5963236057742237e-05,1,
1725,2.5963236057742237e-05,1,
1726,2.5963236057742237e-05,1,
1727,2.5963236057742237e-05,1,
1728,2.5963236057742237e-05,1,
1729,2.5963236057742237e-05,1,
1730,2.5963236057742237e-05,1,
1731,2.5963236057742237e-05,1,
1732,2.5963236057742237e-05,1,
1733,2.5963236057742237e-05,1,
1734,2.5963236057742237e-05,1,
1735,2.5963236057742237e-05,1,
1736,2.5963236057742237e-05,1,
1737,2.5963236057742237e-05,1,
1738,2.5963236057742237e-05,1,
1739,2.5963236057742237e-05,1,
1740,2.5963236057742237e-05,1,
1741,2.5963236057742237e-05,1,
1742,2.5963236057742237e-05,1,
1743,2.5963236057742237e-05,1,
1744,2.5963236057742237e-05,1,
1745,2.5963236057742237e-05,1,
1746,2.5963236057742237e-05,1,
1747,2.5963236057742237e-05,1,
1748,2.5963236057742237e-05,1,
1749,2.5963236057742237e-05,1,
1750,2.5963236057742237e-05,1,
1751,2.5963236057742237e-05,1,
1752,2.5963236057742237e-05,1,
1753,2.5963236057742237e-05,1,
1754,2.5963236057742237e-05,1,
1755,2.5963236057742237e-05,1,
1756,2.5963236057742237e-05,1,
1757,2.5963236057742237e-05,1,
1758,2.5963236057742237e-05,1,
1759,2.5963236057742237e-05,1,
1760,2.5963236057742237e-05,1,
1761,2.5963236057742237e-05,1,
1762,2.5963236057742237e-05,1,
1763,2.5963236057742237e-05,1,
1764,2.5963236057742237e-05,1,
1765,2.5963236057742237e-05,1,
1766,2.5963236057742237e-05,1,
1767,2.5963236057742237e-05,1,
1768,2.5963236057742237e-05,1,
1769,2.5963236057742237e-05,1,
1770,2.5963236057742237e-05,1,
1771,2.5963236057742237e-05,1,
1772,2.5963236057742237e-05,1,
1773,2.5963236057742237e-05,1,
1774,2.5963236057742237e-05,1,
1775,2.5963236057742237e-05,1,
1776,2.5963236057742237e-05,1,
1777,2.5963236057742237e-05,1,
1778,2.5963236057742237e-05,1,
1779,2.5963236057742237e-05,1,
1780,2.5963236057742237e-05,1,
1781,2.5963236057742237e-05,1,
1782,2.5963236057742237e-05,1,
1783,2.5963236057742237e-05,1,
1784,2.5963236057742237e-05,1,
1785,2.5963236057742237e-05,1,
1786,2.5963236057742237e-05,1,
1787,2.5963236057742237e-05,1,
1788,2.5963236057742237e-05,1,
1789,2.5963236057742237e-05,1,
1790,2.5963236057742237e-05,1,
1791,2.5963236057742237e-05,1,
1792,2.5963236057742237e-05,1,
1793,2.5963236057742237e-05,1,
1794,2.5963236057742237e-05,1,
1795,2.5963236057742237e-05,1,
1796,2.5963236057742237e-05,1,
1797,2.5963236057742237e-05,1,
1798,2.5963236057742237e-05,1,
1799,2.5963236057742237e-05,1,
1800,2.5963236057742237e-05,1,
1801,2.5963236057742237e-05,1,
1802,2.5963236057742237e-05,1,
1803,2.5963236057742237e-05,1,
1804,2.5963236057742237e-05,1,
1805,2.5963236057742237e-05,1,
1806,2.5963236057742237e-05,1,
1807,2.5963236057742237e-05,1,
1808,2.5963236057742237e-05,1,
1809,2.5963236057742237e-05,1,
1810,2.5963236057742237e-05,1,
1811,2.5963236057742237e-05,1,
1812,2.5963236057742237e-05,1,
1813,2.5963236057742237e-05,1,
1814,2.5963236057742237e-05,1,
1815,2.5963236057742237e-05,1,
1816,2.5963236057742237e-05,1,
1817,2.5963236057742237e-05,1,
1818,2.5963236057742237e-05,1,
1819,2.5963236057742237e-05,1,
1820,2.5963236057742237e-05,1,
1821,2.5963236057742237e-05,1,
1822,2.5963236057742237e-05,1,
1823,2.5963236057742237e-05,1,
1824,2.5963236057742237e-05,1,
1825,2.5963236057742237e-05,1,
1826,2.5963236057742237e-05,1,
1827,2.5963236057742237e-05,1,
1828,2.5963236057742237e-05,1,
1829,2.5963236057742237e-05,1,
1830,2.5963236057742237e-05,1,
1831,2.5963236057742237e-05,1,
1832,2.5963236057742237e-05,1,
1833,2.5963236057742237e-05,1,
1834,2.5963236057742237e-05,1,
1835,2.5963236057742237e-05,1,
1836,2.5963236057742237e-05,1,
1837,2.5963236057742237e-05,1,
1838,2.5963236057742237e-05,1,
1839,2.5963236057742237e-05,1,
1840,2.5963236057742237e-05,1,
1841,2.5963236057742237e-05,1,
1842,2.5963236057742237e-05,1,
1843,2.5963236057742237e-05,1,
1844,2.5963236057742237e-05,1,
1845,2.5963236057742237e-05,1,
1846,2.5963236057742237e-05,1,
1847,2.5963236057742237e-05,1,
1848,2.5963236057742237e-05,1,
1849,2.5963236057742237e-05,1,
1850,2.5963236057742237e-05,1,
1851,2.5963236057742237e-05,1,
1852,2.5963236057742237e-05,1,
1853,2.5963236057742237e-05,1,
1854,2.5963236057742237e-05,1,
1855,2.5963236057742237e-05,1,
1856,2.5963236057742237e-05,1,
1857,2.5963236057742237e-05,1,
1858,2.5963236057742237e-05,1,
1859,2.5963236057742237e-05,1,
1860,2.5963236057742237e-05,1,
1861,2.5963236057742237e-05,1,
1862,2.5963236057742237e-05,1,
1863,2.5963236057742237e-05,1,
1864,2.5963236057742237e-05,1,
1865,2.5963236057742237e-05,1,
1866,2.5963236057742237e-05,1,
1867,2.5963236057742237e-05,1,
1868,2.5963236057742237e-05,1,
1869,2.5963236057742237e-05,1,
1870,2.5963236057742237e-05,1,
1871,2.5963236057742237e-05,1,
1872,2.5963236057742237e-05,1,
1873,2.5963236057742237e-05,1,
1874,2.5963236057742237e-05,1,
1875,2.5963236057742237e-05,1,
1876,2.5963236057742237e-05,1,
1877,2.5963236057742237e-05,1,
1878,2.5963236057742237e-05,1,
1879,2.5963236057742237e-05,1,
1880,2.5963236057742237e-05,1,
1881,2.5963236057742237e-05,1,
1882,2.5963236057742237e-05,1,
1883,2.5963236057742237e-05,1,
1884,2.5963236057742237e-05,1,
1885,2.5963236057742237e-05,1,
1886,2.5963236057742237e-05,1,
1887,2.5963236057742237e-05,1,
1888,2.5963236057742237e-05,1,
1889,2.5963236057742237e-05,1,
1890,2.5963236057742237e-05,1,
1891,2.5963236057742237e-05,1,
1892,2.5963236057742237e-05,1,
1893,2.5963236057742237e-05,1,
1894,2.5963236057742237e-05,1,
1895,2.5963236057742237e-05,1,
1896,2.5963236057742237e-05,1,
1897,2.5963236057742237e-05,1,
1898,2.5963236057742237e-05,1,
1899,2.5963236057742237e-05,1,
1900,2.5963236057742237e-05,1,
1901,2.5963236057742237e-05,1,
1902,2.5963236057742237e-05,1,
1903,2.5963236057742237e-05,1,
1904,2.5963236057742237e-05,1,
1905,2.5963236057742237e-05,1,
1906,2.5963236057742237e-05,1,
1907,2.5963236057742237e-05,1,
1908,2.5963236057742237e-05,1,
1909,2.5963236057742237e-05,1,
1910,2.5963236057742237e-05,1,
1911,2.5963236057742237e-05,1,
1912,2.5963236057742237e-05,1,
1913,2.5963236057742237e-05,1,
1914,2.5963236057742237e-05,1,
1915,2.5963236057742237e-05,1,
1916,2.5963236057742237e-05,1,
1917,2.5963236057742237e-05,1,
1918,2.5963236057742237e-05,1,
1919,2.5963236057742237e-05,1,
1920,2.5963236057742237e-05,1,
1921,2.5963236057742237e-05,1,
1922,2.5963236057742237e-05,1,
1923,2.5963236057742237e-05,1,
1924,2.5963236057742237e-05,1,
1925,2.5963236057742237e-05,1,
1926,2.5963236057742237e-05,1,
1927,2.5963236057742237e-05,1,
1928,2.5963236057742237e-05,1,
1929,2.5963236057742237e-05,1,
1930,2.5963236057742237e-05,1,
1931,2.5963236057742237e-05,1,
1932,2.5963236057742237e-05,1,
1933,2.5963236057742237e-05,1,
1934,2.5963236057742237e-05,1,
1935,2.5963236057742237e-05,1,
1936,2.5963236057742237e-05,1,
1937,2.5963236057742237e-05,1,
1938,2.5963236057742237e-05,1,
1939,2.5963236057742237e-05,1,
1940,2.5963236057742237e-05,1,
1941,2.5963236057742237e-05,1,
1942,2.5963236057742237e-05,1,
1943,2.5963236057742237e-05,1,
1944,2.5963236057742237e-05,1,
1945,2.5963236057742237e-05,1,
1946,2.5963236057742237e-05,1,
1947,2.5963236057742237e-05,1,
1948,2.5963236057742237e-05,1,
1949,2.5963236057742237e-05,1,
1950,2.5963236057742237e-05,1,
1951,2.5963236057742237e-05,1,
1952,2.5963236057742237e-05,1,
1953,2.5963236057742237e-05,1,
1954,2.5963236057742237e-05,1,
1955,2.5963236057742237e-05,1,
1956,2.5963236057742237e-05,1,
1957,2.5963236057742237e-05,1,
1958,2.5963236057742237e-05,1,
1959,2.5963236057742237e-05,1,
1960,2.5963236057742237e-05,1,
1961,2.5963236057742237e-05,1,
1962,2.5963236057742237e-05,1,
1963,2.5963236057742237e-05,1,
1964,2.5963236057742237e-05,1,
1965,2.5963236057742237e-05,1,
1966,2.5963236057742237e-05,1,
1967,2.5963236057742237e-05,1,
1968,2.5963236057742237e-05,1,
1969,2.5963236057742237e-05,1,
1970,2.5963236057742237e-05,1,
1971,2.5963236057742237e-05,1,
1972,2.5963236057742237e-05,1,
1973,2.5963236057742237e-05,1,
1974,2.5963236057742237e-05,1,
1975,2.5963236057742237e-05,1,
1976,2.5963236057742237e-05,1,
1977,2.5963236057742237e-05,1,
1978,2.5963236057742237e-05,1,
1979,2.5963236057742237e-05,1,
1980,2.5963236057742237e-05,1,
1981,2.5963236057742237e-05,1,
1982,2.5963236057742237e-05,1,
1983,2.5963236057742237e-05,1,
1984,2.5963236057742237e-05,1,
1985,2.5963236057742237e-05,1,
1986,2.5963236057742237e-05,1,
1987,2.5963236057742237e-05,1,
1988,2.5963236057742237e-05,1,
1989,2.5963236057742237e-05,1,
1990,2.5963236057742237e-05,1,
1991,2.5963236057742237e-05,1,
1992,2.5963236057742237e-05,1,
1993,2.5963236057742237e-05,1,
1994,2.5963236057742237e-05,1,
1995,2.5963236057742237e-05,1,
1996,2.5963236057742237e-05,1,
1997,2.5963236057742237e-05,1,
1998,2.5963236057742237e-05,1,
1999,2.5963236057742237e-05,1,
2000,2.5963236057742237e-05,1,
2001,2.5963236057742237e-05,1,
2002,2.5963236057742237e-05,1,
2003,2.5963236057742237e-05,1,
2004,2.5963236057742237e-05,1,
2005,2.5963236057742237e-05,1,
2006,2.5963236057742237e-05,1,
2007,2.5963236057742237e-05,1,
2008,2.5963236057742237e-05,1,
2009,2.5963236057742237e-05,1,
2010,2.5963236057742237e-05,1,
2011,2.5963236057742237e-05,1,
2012,2.5963236057742237e-05,1,
2013,2.5963236057742237e-05,1,
2014,2.5963236057742237e-05,1,
2015,2.5963236057742237e-05,1,
2016,2.5963236057742237e-05,1,
2017,2.5963236057742237e-05,1,
2018,2.5963236057742237e-05,1,
2019,2.5963236057742237e-05,1,
2020,2.5963236057742237e-05,1,
2021,2.5963236057742237e-05,1,
2022,2.5963236057742237e-05,1,
2023,2.5963236057742237e-05,1,
2024,2.5963236057742237e-05,1,
2025,2.5963236057742237e-05,1,
2026,2.5963236057742237e-05,1,
2027,2.5963236057742237e-05,1,
2028,2.5963236057742237e-05,1,
2029,2.5963236057742237e-05,1,
2030,2.5963236057742237e-05,1,
2031,2.5963236057742237e-05,1,
2032,2.5963236057742237e-05,1,
2033,2.5963236057742237e-05,1,
2034,2.5963236057742237e-05,1,
2035,2.5963236057742237e-05,1,
2036,2.5963236057742237e-05,1,
2037,2.5963236057742237e-05,1,
2038,2.5963236057742237e-05,1,
2039,2.5963236057742237e-05,1,
2040,2.5963236057742237e-05,1,
2041,2.5963236057742237e-05,1,
2042,2.5963236057742237e-05,1,
2043,2.5963236057742237e-05,1,
2044,2.5963236057742237e-05,1,
2045,2.5963236057742237e-05,1,
2046,2.5963236057742237e-05,1,
2047,2.5963236057742237e-05,1,
2048,2.5963236057742237e-05,1,
2049,2.5963236057742237e-05,1,
2050,2.5963236057742237e-05,1,
2051,2.5963236057742237e-05,1,
2052,2.5963236057742237e-05,1,
2053,2.5963236057742237e-05,1,
2054,2.5963236057742237e-05,1,
2055,2.5963236057742237e-05,1,
2056,2.5963236057742237e-05,1,
2057,2.5963236057742237e-05,1,
2058,2.5963236057742237e-05,1,
2059,2.5963236057742237e-05,1,
2060,2.5963236057742237e-05,1,
2061,2.5963236057742237e-05,1,
2062,2.5963236057742237e-05,1,
2063,2.5963236057742237e-05,1,
2064,2.5963236057742237e-05,1,
2065,2.5963236057742237e-05,1,
2066,2.5963236057742237e-05,1,
2067,2.5963236057742237e-05,1,
2068,2.5963236057742237e-05,1,
2069,2.5963236057742237e-05,1,
2070,2.5963236057742237e-05,1,
2071,2.5963236057742237e-05,1,
2072,2.5963236057742237e-05,1,
2073,2.5963236057742237e-05,1,
2074,2.5963236057742237e-05,1,
2075,2.5963236057742237e-05,1,
2076,2.5963236057742237e-05,1,
2077,2.5963236057742237e-05,1,
2078,2.5963236057742237e-05,1,
2079,2.5963236057742237e-05,1,
2080,2.5963236057742237e-05,1,
2081,2.5963236057742237e-05,1,
2082,2.5963236057742237e-05,1,
2083,2.5963236057742237e-05,1,
2084,2.5963236057742237e-05,1,
2085,2.5963236057742237e-05,1,
2086,2.5963236057742237e-05,1,
2087,2.5963236057742237e-05,1,
2088,2.5963236057742237e-05,1,
2089,2.5963236057742237e-05,1,
2090,2.5963236057742237e-05,1,
2091,2.5963236057742237e-05,1,
2092,2.5963236057742237e-05,1,
2093,2.5963236057742237e-05,1,
2094,2.5963236057742237e-05,1,
2095,2.5963236057742237e-05,1,
2096,2.5963236057742237e-05,1,
2097,2.5963236057742237e-05,1,
2098,2.5963236057742237e-05,1,
2099,2.5963236057742237e-05,1,
2100,2.5963236057742237e-05,1,
2101,2.5963236057742237e-05,1,
2102,2.5963236057742237e-05,1,
2103,2.5963236057742237e-05,1,
2104,2.5963236057742237e-05,1,
2105,2.5963236057742237e-05,1,
2106,2.5963236057742237e-05,1,
2107,2.5963236057742237e-05,1,
2108,2.5963236057742237e-05,1,
2109,2.5963236057742237e-05,1,
2110,2.5963236057742237e-05,1,
2111,2.5963236057742237e-05,1,
2112,2.5963236057742237e-05,1,
2113,2.5963236057742237e-05,1,
2114,2.5963236057742237e-05,1,
2115,2.5963236057742237e-05,1,
2116,2.5963236057742237e-05,1,
2117,2.5963236057742237e-05,1,
2118,2.5963236057742237e-05,1,
2119,2.5963236057742237e-05,1,
2120,2.5963236057742237e-05,1,
2121,2.5963236057742237e-05,1,
2122,2.5963236057742237e-05,1,
2123,2.5963236057742237e-05,1,
2124,2.5963236057742237e-05,1,
2125,2.5963236057742237e-05,1,
2126,2.5963236057742237e-05,1,
2127,2.5963236057742237e-05,1,
2128,2.5963236057742237e-05,1,
2129,2.5963236057742237e-05,1,
2130,2.5963236057742237e-05,1,
2131,2.5963236057742237e-05,1,
2132,2.5963236057742237e-05,1,
2133,2.5963236057742237e-05,1,
2134,2.5963236057742237e-05,1,
2135,2.5963236057742237e-05,1,
2136,2.5963236057742237e-05,1,
2137,2.5963236057742237e-05,1,
2138,2.5963236057742237e-05,1,
2139,2.5963236057742237e-05,1,
2140,2.5963236057742237e-05,1,
2141,2.5963236057742237e-05,1,
2142,2.5963236057742237e-05,1,
2143,2.5963236057742237e-05,1,
2144,2.5963236057742237e-05,1,
2145,2.5963236057742237e-05,1,
2146,2.5963236057742237e-05,1,
2147,2.5963236057742237e-05,1,
2148,2.5963236057742237e-05,1,
2149,2.5963236057742237e-05,1,
2150,2.5963236057742237e-05,1,
2151,2.5963236057742237e-05,1,
2152,2.5963236057742237e-05,1,
2153,2.5963236057742237e-05,1,
2154,2.5963236057742237e-05,1,
2155,2.5963236057742237e-05,1,
2156,2.5963236057742237e-05,1,
2157,2.5963236057742237e-05,1,
2158,2.5963236057742237e-05,1,
2159,2.5963236057742237e-05,1,
2160,2.5963236057742237e-05,1,
2161,2.5963236057742237e-05,1,
2162,2.5963236057742237e-05,1,
2163,2.5963236057742237e-05,1,
2164,2.5963236057742237e-05,1,
2165,2.5963236057742237e-05,1,
2166,2.5963236057742237e-05,1,
