verb,subject,frequency,rank,total,proportion
go,you,1687,1,3824,0.4411610878661088
go,we,672,2,3824,0.17573221757322174
go,i,388,3,3824,0.10146443514644352
go,it,224,4,3824,0.058577405857740586
go,he,159,5,3824,0.04157949790794979
go,mommy,119,6,3824,0.031119246861924688
go,they,66,7,3824,0.017259414225941423
go,that,57,8,3824,0.014905857740585775
go,she,47,9,3824,0.012290794979079499
go,one,19,10,3824,0.004968619246861925
go,this,19,11,3824,0.004968619246861925
go,what,16,12,3824,0.0041841004184100415
go,piggy,14,13,3824,0.0036610878661087866
go,baby,11,14,3824,0.002876569037656904
go,daddy,11,15,3824,0.002876569037656904
go,kitty,10,16,3824,0.002615062761506276
go,spider,10,17,3824,0.002615062761506276
go,who,9,18,3824,0.0023535564853556486
go,theo,9,19,3824,0.0023535564853556486
go,ball,8,20,3824,0.0020920502092050207
go,piggie,8,21,3824,0.0020920502092050207
go,doggie,8,22,3824,0.0020920502092050207
go,timmy,8,23,3824,0.0020920502092050207
go,car,7,24,3824,0.0018305439330543933
go,thing,7,25,3824,0.0018305439330543933
go,momma,6,26,3824,0.0015690376569037657
go,fishy,6,27,3824,0.0015690376569037657
go,mama,5,28,3824,0.001307531380753138
go,mom,5,29,3824,0.001307531380753138
go,thomas,5,30,3824,0.001307531380753138
go,wheel,4,31,3824,0.0010460251046025104
go,sock,4,32,3824,0.0010460251046025104
go,finger,4,33,3824,0.0010460251046025104
go,gate,3,34,3824,0.0007845188284518828
go,water,3,35,3824,0.0007845188284518828
go,cup,3,36,3824,0.0007845188284518828
go,fta,3,37,3824,0.0007845188284518828
go,guy,3,38,3824,0.0007845188284518828
go,hasta,3,39,3824,0.0007845188284518828
go,needta,3,40,3824,0.0007845188284518828
go,bug,3,41,3824,0.0007845188284518828
go,pop,3,42,3824,0.0007845188284518828
go,dakota,3,43,3824,0.0007845188284518828
go,binkie,3,44,3824,0.0007845188284518828
go,david,3,45,3824,0.0007845188284518828
go,shepherd,3,46,3824,0.0007845188284518828
go,toy,2,47,3824,0.0005230125523012552
go,monkey,2,48,3824,0.0005230125523012552
go,foot,2,49,3824,0.0005230125523012552
go,person,2,50,3824,0.0005230125523012552
go,wiper,2,51,3824,0.0005230125523012552
go,rider,2,52,3824,0.0005230125523012552
go,bead,2,53,3824,0.0005230125523012552
go,truck,2,54,3824,0.0005230125523012552
go,something,2,55,3824,0.0005230125523012552
go,boy,2,56,3824,0.0005230125523012552
go,pokemon,2,57,3824,0.0005230125523012552
go,spoon,2,58,3824,0.0005230125523012552
go,man,2,59,3824,0.0005230125523012552
go,bigbird,2,60,3824,0.0005230125523012552
go,bird,2,61,3824,0.0005230125523012552
go,tabitha,2,62,3824,0.0005230125523012552
go,card,2,63,3824,0.0005230125523012552
go,bert,2,64,3824,0.0005230125523012552
go,lady,2,65,3824,0.0005230125523012552
go,elmo,2,66,3824,0.0005230125523012552
go,chicken,2,67,3824,0.0005230125523012552
go,allen,2,68,3824,0.0005230125523012552
go,apple,2,69,3824,0.0005230125523012552
go,phone,2,70,3824,0.0005230125523012552
go,lid,2,71,3824,0.0005230125523012552
go,mouse,2,72,3824,0.0005230125523012552
go,maggie,2,73,3824,0.0005230125523012552
go,airplane,2,74,3824,0.0005230125523012552
go,catherine,2,75,3824,0.0005230125523012552
go,joseph,2,76,3824,0.0005230125523012552
go,grandma,2,77,3824,0.0005230125523012552
go,name,2,78,3824,0.0005230125523012552
go,dagmar,2,79,3824,0.0005230125523012552
go,laliita,2,80,3824,0.0005230125523012552
go,star,1,81,3824,0.0002615062761506276
go,max,1,82,3824,0.0002615062761506276
go,morgan,1,83,3824,0.0002615062761506276
go,michael,1,84,3824,0.0002615062761506276
go,morgie,1,85,3824,0.0002615062761506276
go,dada,1,86,3824,0.0002615062761506276
go,window,1,87,3824,0.0002615062761506276
go,bear,1,88,3824,0.0002615062761506276
go,mandy,1,89,3824,0.0002615062761506276
go,roo,1,90,3824,0.0002615062761506276
go,banana,1,91,3824,0.0002615062761506276
go,washcloth,1,92,3824,0.0002615062761506276
go,cookie,1,93,3824,0.0002615062761506276
go,tonka,1,94,3824,0.0002615062761506276
go,head,1,95,3824,0.0002615062761506276
go,hannah,1,96,3824,0.0002615062761506276
go,maid,1,97,3824,0.0002615062761506276
go,cow,1,98,3824,0.0002615062761506276
go,bean,1,99,3824,0.0002615062761506276
go,stew,1,100,3824,0.0002615062761506276
go,arm,1,101,3824,0.0002615062761506276
go,microphone,1,102,3824,0.0002615062761506276
go,clock,1,103,3824,0.0002615062761506276
go,tooth,1,104,3824,0.0002615062761506276
go,pamper,1,105,3824,0.0002615062761506276
go,everything,1,106,3824,0.0002615062761506276
go,donald,1,107,3824,0.0002615062761506276
go,beater,1,108,3824,0.0002615062761506276
go,ring,1,109,3824,0.0002615062761506276
go,book,1,110,3824,0.0002615062761506276
go,bike,1,111,3824,0.0002615062761506276
go,ding,1,112,3824,0.0002615062761506276
go,mister,1,113,3824,0.0002615062761506276
go,peter,1,114,3824,0.0002615062761506276
go,duck,1,115,3824,0.0002615062761506276
go,shoesies,1,116,3824,0.0002615062761506276
go,lion,1,117,3824,0.0002615062761506276
go,turtle,1,118,3824,0.0002615062761506276
go,poohbear,1,119,3824,0.0002615062761506276
go,ernie,1,120,3824,0.0002615062761506276
go,sheep,1,121,3824,0.0002615062761506276
go,somebody,1,122,3824,0.0002615062761506276
go,jane,1,123,3824,0.0002615062761506276
go,blankie,1,124,3824,0.0002615062761506276
go,oatmeal,1,125,3824,0.0002615062761506276
go,cheeto,1,126,3824,0.0002615062761506276
go,silverware,1,127,3824,0.0002615062761506276
go,dog,1,128,3824,0.0002615062761506276
go,bus,1,129,3824,0.0002615062761506276
go,pear,1,130,3824,0.0002615062761506276
go,henry,1,131,3824,0.0002615062761506276
go,towel,1,132,3824,0.0002615062761506276
go,answer,1,133,3824,0.0002615062761506276
go,sister,1,134,3824,0.0002615062761506276
go,pepper,1,135,3824,0.0002615062761506276
go,xavier,1,136,3824,0.0002615062761506276
go,yaya,1,137,3824,0.0002615062761506276
go,cheerios,1,138,3824,0.0002615062761506276
go,useta,1,139,3824,0.0002615062761506276
go,dyeisha,1,140,3824,0.0002615062761506276
go,blockbuster,1,141,3824,0.0002615062761506276
go,would,1,142,3824,0.0002615062761506276
go,trash,1,143,3824,0.0002615062761506276
go,frog,1,144,3824,0.0002615062761506276
go,shape,1,145,3824,0.0002615062761506276
go,bow,1,146,3824,0.0002615062761506276
go,tie,1,147,3824,0.0002615062761506276
go,pacifier,1,148,3824,0.0002615062761506276
go,bib,1,149,3824,0.0002615062761506276
go,picnic,1,150,3824,0.0002615062761506276
go,everyone,1,151,3824,0.0002615062761506276
go,egg,1,152,3824,0.0002615062761506276
go,number,1,153,3824,0.0002615062761506276
go,end,1,154,3824,0.0002615062761506276
go,trick,1,155,3824,0.0002615062761506276
go,charlie,1,156,3824,0.0002615062761506276
go,pup,1,157,3824,0.0002615062761506276
go,toe,1,158,3824,0.0002615062761506276
go,butterfly,1,159,3824,0.0002615062761506276
go,jar,1,160,3824,0.0002615062761506276
go,sun,1,161,3824,0.0002615062761506276
go,dirt,1,162,3824,0.0002615062761506276
go,stuff,1,163,3824,0.0002615062761506276
go,part,1,164,3824,0.0002615062761506276
go,juice,1,165,3824,0.0002615062761506276
get,you,984,1,1933,0.5090532850491464
get,i,319,2,1933,0.16502845318158302
get,we,253,3,1933,0.13088463528194516
get,mommy,90,4,1933,0.04655975168132437
get,he,65,5,1933,0.03362648732540093
get,it,40,6,1933,0.020693222969477496
get,she,24,7,1933,0.012415933781686497
get,whatcha,21,8,1933,0.010863942058975685
get,that,10,9,1933,0.005173305742369374
get,who,8,10,1933,0.004138644593895499
get,daddy,8,11,1933,0.004138644593895499
get,they,8,12,1933,0.004138644593895499
get,mama,6,13,1933,0.0031039834454216243
get,kitty,5,14,1933,0.002586652871184687
get,needta,5,15,1933,0.002586652871184687
get,this,4,16,1933,0.0020693222969477496
get,joseph,4,17,1933,0.0020693222969477496
get,water,3,18,1933,0.0015519917227108122
get,baby,3,19,1933,0.0015519917227108122
get,cold,3,20,1933,0.0015519917227108122
get,somebody,3,21,1933,0.0015519917227108122
get,thing,3,22,1933,0.0015519917227108122
get,ball,3,23,1933,0.0015519917227108122
get,timmy,3,24,1933,0.0015519917227108122
get,stuff,3,25,1933,0.0015519917227108122
get,dad,3,26,1933,0.0015519917227108122
get,catherine,3,27,1933,0.0015519917227108122
get,morgie,2,28,1933,0.0010346611484738748
get,something,2,29,1933,0.0010346611484738748
get,fta,2,30,1933,0.0010346611484738748
get,mister,2,31,1933,0.0010346611484738748
get,froggie,2,32,1933,0.0010346611484738748
get,grandma,2,33,1933,0.0010346611484738748
get,dakota,2,34,1933,0.0010346611484738748
get,dagmar,2,35,1933,0.0010346611484738748
get,your,1,36,1933,0.0005173305742369374
get,miss,1,37,1933,0.0005173305742369374
get,hill,1,38,1933,0.0005173305742369374
get,horsie,1,39,1933,0.0005173305742369374
get,mom,1,40,1933,0.0005173305742369374
get,lady,1,41,1933,0.0005173305742369374
get,boy,1,42,1933,0.0005173305742369374
get,hand,1,43,1933,0.0005173305742369374
get,someone,1,44,1933,0.0005173305742369374
get,bummie,1,45,1933,0.0005173305742369374
get,bum,1,46,1933,0.0005173305742369374
get,cracker,1,47,1933,0.0005173305742369374
get,hair,1,48,1933,0.0005173305742369374
get,door,1,49,1933,0.0005173305742369374
get,toe,1,50,1933,0.0005173305742369374
get,foot,1,51,1933,0.0005173305742369374
get,doggie,1,52,1933,0.0005173305742369374
get,car,1,53,1933,0.0005173305742369374
get,block,1,54,1933,0.0005173305742369374
get,spoon,1,55,1933,0.0005173305742369374
get,fat,1,56,1933,0.0005173305742369374
get,xavier,1,57,1933,0.0005173305742369374
get,grams,1,58,1933,0.0005173305742369374
get,mammy,1,59,1933,0.0005173305742369374
get,clothes,1,60,1933,0.0005173305742369374
get,nobody,1,61,1933,0.0005173305742369374
get,crap,1,62,1933,0.0005173305742369374
get,pampers,1,63,1933,0.0005173305742369374
get,guy,1,64,1933,0.0005173305742369374
get,tea,1,65,1933,0.0005173305742369374
get,fingernail,1,66,1933,0.0005173305742369374
get,one,1,67,1933,0.0005173305742369374
get,charlie,1,68,1933,0.0005173305742369374
want,you,1632,1,1910,0.8544502617801047
want,i,122,2,1910,0.06387434554973823
want,he,52,3,1910,0.027225130890052355
want,we,38,4,1910,0.019895287958115182
want,she,15,5,1910,0.007853403141361256
want,mommy,10,6,1910,0.005235602094240838
want,whatcha,3,7,1910,0.0015706806282722514
want,kitty,3,8,1910,0.0015706806282722514
want,elmo,3,9,1910,0.0015706806282722514
want,joseph,3,10,1910,0.0015706806282722514
want,mama,2,11,1910,0.0010471204188481676
want,tabitha,2,12,1910,0.0010471204188481676
want,henry,2,13,1910,0.0010471204188481676
want,they,2,14,1910,0.0010471204188481676
want,cat,1,15,1910,0.0005235602094240838
want,mandy,1,16,1910,0.0005235602094240838
want,roo,1,17,1910,0.0005235602094240838
want,baby,1,18,1910,0.0005235602094240838
want,piggy,1,19,1910,0.0005235602094240838
want,dillon,1,20,1910,0.0005235602094240838
want,nana,1,21,1910,0.0005235602094240838
want,one,1,22,1910,0.0005235602094240838
want,jaylen,1,23,1910,0.0005235602094240838
want,puppy,1,24,1910,0.0005235602094240838
want,timmy,1,25,1910,0.0005235602094240838
want,thankyou,1,26,1910,0.0005235602094240838
want,someone,1,27,1910,0.0005235602094240838
want,doggie,1,28,1910,0.0005235602094240838
want,dakota,1,29,1910,0.0005235602094240838
want,it,1,30,1910,0.0005235602094240838
want,nobody,1,31,1910,0.0005235602094240838
want,xavier,1,32,1910,0.0005235602094240838
want,manman,1,33,1910,0.0005235602094240838
want,who,1,34,1910,0.0005235602094240838
want,aunt,1,35,1910,0.0005235602094240838
do,you,946,1,1527,0.6195153896529142
do,we,132,2,1527,0.08644400785854617
do,i,122,3,1527,0.07989521938441388
do,he,77,4,1527,0.0504256712508186
do,it,45,5,1527,0.029469548133595286
do,she,34,6,1527,0.02226588081204977
do,they,27,7,1527,0.01768172888015717
do,mommy,21,8,1527,0.0137524557956778
do,that,13,9,1527,0.008513425016371971
do,who,6,10,1527,0.003929273084479371
do,guy,6,11,1527,0.003929273084479371
do,mama,6,12,1527,0.003929273084479371
do,baby,6,13,1527,0.003929273084479371
do,one,4,14,1527,0.0026195153896529143
do,daddy,4,15,1527,0.0026195153896529143
do,dillon,4,16,1527,0.0026195153896529143
do,everybody,2,17,1527,0.0013097576948264572
do,wind,2,18,1527,0.0013097576948264572
do,piggy,2,19,1527,0.0013097576948264572
do,work,2,20,1527,0.0013097576948264572
do,phone,2,21,1527,0.0013097576948264572
do,cheerios,2,22,1527,0.0013097576948264572
do,this,2,23,1527,0.0013097576948264572
do,airplane,2,24,1527,0.0013097576948264572
do,catherine,2,25,1527,0.0013097576948264572
do,brisco,1,26,1527,0.0006548788474132286
do,dan,1,27,1527,0.0006548788474132286
do,magnet,1,28,1527,0.0006548788474132286
do,needta,1,29,1527,0.0006548788474132286
do,uncle,1,30,1527,0.0006548788474132286
do,rooster,1,31,1527,0.0006548788474132286
do,bike,1,32,1527,0.0006548788474132286
do,low,1,33,1527,0.0006548788474132286
do,clothes,1,34,1527,0.0006548788474132286
do,their,1,35,1527,0.0006548788474132286
do,target,1,36,1527,0.0006548788474132286
do,boy,1,37,1527,0.0006548788474132286
do,whatcha,1,38,1527,0.0006548788474132286
do,all,1,39,1527,0.0006548788474132286
do,leave,1,40,1527,0.0006548788474132286
do,wuss,1,41,1527,0.0006548788474132286
do,squash,1,42,1527,0.0006548788474132286
do,father,1,43,1527,0.0006548788474132286
do,mister,1,44,1527,0.0006548788474132286
do,oopsie,1,45,1527,0.0006548788474132286
do,upstairs,1,46,1527,0.0006548788474132286
do,piggie,1,47,1527,0.0006548788474132286
do,elmo,1,48,1527,0.0006548788474132286
do,cheese,1,49,1527,0.0006548788474132286
do,kid,1,50,1527,0.0006548788474132286
do,fan,1,51,1527,0.0006548788474132286
do,slam,1,52,1527,0.0006548788474132286
do,dakota,1,53,1527,0.0006548788474132286
do,battery,1,54,1527,0.0006548788474132286
do,block,1,55,1527,0.0006548788474132286
do,person,1,56,1527,0.0006548788474132286
do,henry,1,57,1527,0.0006548788474132286
do,kind,1,58,1527,0.0006548788474132286
do,woman,1,59,1527,0.0006548788474132286
do,milk,1,60,1527,0.0006548788474132286
do,xavier,1,61,1527,0.0006548788474132286
do,minnie,1,62,1527,0.0006548788474132286
do,fitti,1,63,1527,0.0006548788474132286
do,child,1,64,1527,0.0006548788474132286
do,taste,1,65,1527,0.0006548788474132286
do,miss,1,66,1527,0.0006548788474132286
do,dyeisha,1,67,1527,0.0006548788474132286
do,his,1,68,1527,0.0006548788474132286
do,youall,1,69,1527,0.0006548788474132286
do,two,1,70,1527,0.0006548788474132286
do,lifeguard,1,71,1527,0.0006548788474132286
do,thomas,1,72,1527,0.0006548788474132286
do,joseph,1,73,1527,0.0006548788474132286
do,car,1,74,1527,0.0006548788474132286
do,hasta,1,75,1527,0.0006548788474132286
do,useta,1,76,1527,0.0006548788474132286
do,charlie,1,77,1527,0.0006548788474132286
do,fishy,1,78,1527,0.0006548788474132286
do,ball,1,79,1527,0.0006548788474132286
do,the,1,80,1527,0.0006548788474132286
do,mouth,1,81,1527,0.0006548788474132286
have,you,468,1,1136,0.4119718309859155
have,i,196,2,1136,0.17253521126760563
have,we,125,3,1136,0.11003521126760564
have,mommy,64,4,1136,0.056338028169014086
have,he,55,5,1136,0.04841549295774648
have,she,29,6,1136,0.025528169014084508
have,it,20,7,1136,0.017605633802816902
have,they,19,8,1136,0.016725352112676055
have,piggy,19,9,1136,0.016725352112676055
have,piggie,8,10,1136,0.007042253521126761
have,joseph,8,11,1136,0.007042253521126761
have,book,7,12,1136,0.006161971830985915
have,thomas,6,13,1136,0.00528169014084507
have,baby,5,14,1136,0.0044014084507042256
have,that,5,15,1136,0.0044014084507042256
have,daddy,5,16,1136,0.0044014084507042256
have,one,4,17,1136,0.0035211267605633804
have,some,4,18,1136,0.0035211267605633804
have,farmer,4,19,1136,0.0035211267605633804
have,mama,4,20,1136,0.0035211267605633804
have,oldmacdonald,4,21,1136,0.0035211267605633804
have,kitty,3,22,1136,0.002640845070422535
have,elmo,3,23,1136,0.002640845070422535
have,macdonald,3,24,1136,0.002640845070422535
have,somebody,3,25,1136,0.002640845070422535
have,cup,3,26,1136,0.002640845070422535
have,guy,3,27,1136,0.002640845070422535
have,morgie,2,28,1136,0.0017605633802816902
have,lemme,2,29,1136,0.0017605633802816902
have,who,2,30,1136,0.0017605633802816902
have,someone,2,31,1136,0.0017605633802816902
have,pokemon,2,32,1136,0.0017605633802816902
have,boy,2,33,1136,0.0017605633802816902
have,this,2,34,1136,0.0017605633802816902
have,sister,2,35,1136,0.0017605633802816902
have,timmy,2,36,1136,0.0017605633802816902
have,fuzzywuzzy,2,37,1136,0.0017605633802816902
have,catherine,2,38,1136,0.0017605633802816902
have,everybody,2,39,1136,0.0017605633802816902
have,mom,2,40,1136,0.0017605633802816902
have,thing,1,41,1136,0.0008802816901408451
have,max,1,42,1136,0.0008802816901408451
have,morgan,1,43,1136,0.0008802816901408451
have,sheep,1,44,1136,0.0008802816901408451
have,mcdonald,1,45,1136,0.0008802816901408451
have,lord,1,46,1136,0.0008802816901408451
have,buddy,1,47,1136,0.0008802816901408451
have,kitten,1,48,1136,0.0008802816901408451
have,bear,1,49,1136,0.0008802816901408451
have,tabitha,1,50,1136,0.0008802816901408451
have,target,1,51,1136,0.0008802816901408451
have,ten,1,52,1136,0.0008802816901408451
have,number,1,53,1136,0.0008802816901408451
have,hasta,1,54,1136,0.0008802816901408451
have,genie,1,55,1136,0.0008802816901408451
have,pooh,1,56,1136,0.0008802816901408451
have,farm,1,57,1136,0.0008802816901408451
have,henry,1,58,1136,0.0008802816901408451
have,xavier,1,59,1136,0.0008802816901408451
have,maggie,1,60,1136,0.0008802816901408451
have,rainbow,1,61,1136,0.0008802816901408451
have,corduroy,1,62,1136,0.0008802816901408451
have,piglet,1,63,1136,0.0008802816901408451
have,miss,1,64,1136,0.0008802816901408451
have,grandma,1,65,1136,0.0008802816901408451
have,girl,1,66,1136,0.0008802816901408451
have,camel,1,67,1136,0.0008802816901408451
have,moo,1,68,1136,0.0008802816901408451
have,camera,1,69,1136,0.0008802816901408451
have,misslucy,1,70,1136,0.0008802816901408451
have,what,1,71,1136,0.0008802816901408451
have,momma,1,72,1136,0.0008802816901408451
have,my,1,73,1136,0.0008802816901408451
know,i,617,1,936,0.6591880341880342
know,you,270,2,936,0.28846153846153844
know,we,14,3,936,0.014957264957264958
know,he,11,4,936,0.011752136752136752
know,she,5,5,936,0.005341880341880342
know,they,4,6,936,0.004273504273504274
know,panther,1,7,936,0.0010683760683760685
know,elephant,1,8,936,0.0010683760683760685
know,marni,1,9,936,0.0010683760683760685
know,mama,1,10,936,0.0010683760683760685
know,mommy,1,11,936,0.0010683760683760685
know,tweetie,1,12,936,0.0010683760683760685
know,god,1,13,936,0.0010683760683760685
know,vas,1,14,936,0.0010683760683760685
know,useta,1,15,936,0.0010683760683760685
know,who,1,16,936,0.0010683760683760685
know,lord,1,17,936,0.0010683760683760685
know,joseph,1,18,936,0.0010683760683760685
know,blitzen,1,19,936,0.0010683760683760685
know,guy,1,20,936,0.0010683760683760685
know,one,1,21,936,0.0010683760683760685
see,you,466,1,895,0.5206703910614525
see,i,349,2,895,0.38994413407821227
see,we,51,3,895,0.05698324022346369
see,she,8,4,895,0.008938547486033519
see,they,4,5,895,0.004469273743016759
see,mommy,4,6,895,0.004469273743016759
see,he,4,7,895,0.004469273743016759
see,mother,2,8,895,0.0022346368715083797
see,man,1,9,895,0.0011173184357541898
see,fuzzytaillamb,1,10,895,0.0011173184357541898
see,lamb,1,11,895,0.0011173184357541898
see,aladin,1,12,895,0.0011173184357541898
see,sister,1,13,895,0.0011173184357541898
see,xavier,1,14,895,0.0011173184357541898
see,car,1,15,895,0.0011173184357541898
think,i,450,1,722,0.6232686980609419
think,you,235,2,722,0.3254847645429363
think,he,10,3,722,0.013850415512465374
think,we,10,4,722,0.013850415512465374
think,she,5,5,722,0.006925207756232687
think,mommy,3,6,722,0.004155124653739612
think,joseph,3,7,722,0.004155124653739612
think,baby,1,8,722,0.0013850415512465374
think,boy,1,9,722,0.0013850415512465374
think,useta,1,10,722,0.0013850415512465374
think,who,1,11,722,0.0013850415512465374
think,crunch,1,12,722,0.0013850415512465374
think,thomas,1,13,722,0.0013850415512465374
like,you,521,1,695,0.7496402877697842
like,i,71,2,695,0.10215827338129496
like,he,30,3,695,0.04316546762589928
like,we,12,4,695,0.017266187050359712
like,joseph,8,5,695,0.011510791366906475
like,she,6,6,695,0.008633093525179856
like,who,5,7,695,0.007194244604316547
like,mommy,4,8,695,0.0057553956834532375
like,baby,4,9,695,0.0057553956834532375
like,daddy,3,10,695,0.004316546762589928
like,they,3,11,695,0.004316546762589928
like,kitty,3,12,695,0.004316546762589928
like,timmy,2,13,695,0.0028776978417266188
like,fuzzytaillamb,2,14,695,0.0028776978417266188
like,bear,2,15,695,0.0028776978417266188
like,elmo,2,16,695,0.0028776978417266188
like,person,2,17,695,0.0028776978417266188
like,father,1,18,695,0.0014388489208633094
like,cousin,1,19,695,0.0014388489208633094
like,that,1,20,695,0.0014388489208633094
like,boy,1,21,695,0.0014388489208633094
like,mama,1,22,695,0.0014388489208633094
like,puppy,1,23,695,0.0014388489208633094
like,gorilla,1,24,695,0.0014388489208633094
like,colt,1,25,695,0.0014388489208633094
like,sister,1,26,695,0.0014388489208633094
like,mikie,1,27,695,0.0014388489208633094
like,cj,1,28,695,0.0014388489208633094
like,everybody,1,29,695,0.0014388489208633094
like,thomas,1,30,695,0.0014388489208633094
like,monkey,1,31,695,0.0014388489208633094
like,fishy,1,32,695,0.0014388489208633094
say,you,301,1,625,0.4816
say,he,48,2,625,0.0768
say,i,42,3,625,0.0672
say,it,36,4,625,0.0576
say,mommy,16,5,625,0.0256
say,cow,15,6,625,0.024
say,she,12,7,625,0.0192
say,that,12,8,625,0.0192
say,we,8,9,625,0.0128
say,they,8,10,625,0.0128
say,duck,7,11,625,0.0112
say,doggie,7,12,625,0.0112
say,joseph,7,13,625,0.0112
say,kitty,6,14,625,0.0096
say,sheep,6,15,625,0.0096
say,one,5,16,625,0.008
say,daddy,5,17,625,0.008
say,horsie,4,18,625,0.0064
say,pooh,4,19,625,0.0064
say,god,4,20,625,0.0064
say,baby,3,21,625,0.0048
say,rooster,3,22,625,0.0048
say,bird,3,23,625,0.0048
say,catherine,3,24,625,0.0048
say,tweet,3,25,625,0.0048
say,driver,2,26,625,0.0032
say,mother,2,27,625,0.0032
say,dog,2,28,625,0.0032
say,dad,2,29,625,0.0032
say,book,2,30,625,0.0032
say,eve,2,31,625,0.0032
say,adam,2,32,625,0.0032
say,piggy,2,33,625,0.0032
say,horse,2,34,625,0.0032
say,owl,2,35,625,0.0032
say,birdie,2,36,625,0.0032
say,morgan,1,37,625,0.0016
say,cj,1,38,625,0.0016
say,piggie,1,39,625,0.0016
say,clown,1,40,625,0.0016
say,dillon,1,41,625,0.0016
say,littlebounder,1,42,625,0.0016
say,mama,1,43,625,0.0016
say,timmy,1,44,625,0.0016
say,zipper,1,45,625,0.0016
say,birdy,1,46,625,0.0016
say,lamb,1,47,625,0.0016
say,duckie,1,48,625,0.0016
say,person,1,49,625,0.0016
say,froggie,1,50,625,0.0016
say,mister,1,51,625,0.0016
say,winniethepooh,1,52,625,0.0016
say,cookiemonster,1,53,625,0.0016
say,keeper,1,54,625,0.0016
say,xavier,1,55,625,0.0016
say,useta,1,56,625,0.0016
say,paul,1,57,625,0.0016
say,chicken,1,58,625,0.0016
say,animal,1,59,625,0.0016
say,ladybug,1,60,625,0.0016
say,madeleine,1,61,625,0.0016
say,thomas,1,62,625,0.0016
say,car,1,63,625,0.0016
say,name,1,64,625,0.0016
say,word,1,65,625,0.0016
say,smile,1,66,625,0.0016
say,cat,1,67,625,0.0016
say,article,1,68,625,0.0016
say,frog,1,69,625,0.0016
say,swim,1,70,625,0.0016
say,truck,1,71,625,0.0016
put,you,213,1,500,0.426
put,we,125,2,500,0.25
put,i,83,3,500,0.166
put,mommy,37,4,500,0.074
put,she,9,5,500,0.018
put,daddy,5,6,500,0.01
put,they,5,7,500,0.01
put,mom,3,8,500,0.006
put,catherine,3,9,500,0.006
put,hasta,2,10,500,0.004
put,timmy,2,11,500,0.004
put,kitten,2,12,500,0.004
put,who,2,13,500,0.004
put,paul,2,14,500,0.004
put,he,2,15,500,0.004
put,needta,1,16,500,0.002
put,mandy,1,17,500,0.002
put,mama,1,18,500,0.002
put,job,1,19,500,0.002
put,dagmar,1,20,500,0.002
come,you,81,1,387,0.20930232558139536
come,it,47,2,387,0.12144702842377261
come,he,35,3,387,0.09043927648578812
come,i,32,4,387,0.082687338501292
come,they,18,5,387,0.046511627906976744
come,we,15,6,387,0.03875968992248062
come,that,9,7,387,0.023255813953488372
come,nothing,9,8,387,0.023255813953488372
come,who,7,9,387,0.01808785529715762
come,kitty,6,10,387,0.015503875968992248
come,she,6,11,387,0.015503875968992248
come,mommy,5,12,387,0.012919896640826873
come,this,5,13,387,0.012919896640826873
come,daddy,4,14,387,0.0103359173126615
come,one,4,15,387,0.0103359173126615
come,what,4,16,387,0.0103359173126615
come,somebody,4,17,387,0.0103359173126615
come,baby,4,18,387,0.0103359173126615
come,more,4,19,387,0.0103359173126615
come,thing,3,20,387,0.007751937984496124
come,nana,3,21,387,0.007751937984496124
come,water,2,22,387,0.00516795865633075
come,monkey,2,23,387,0.00516795865633075
come,ball,2,24,387,0.00516795865633075
come,doggie,2,25,387,0.00516795865633075
come,girl,2,26,387,0.00516795865633075
come,sun,2,27,387,0.00516795865633075
come,boy,2,28,387,0.00516795865633075
come,tooth,2,29,387,0.00516795865633075
come,nobody,2,30,387,0.00516795865633075
come,bus,2,31,387,0.00516795865633075
come,hat,2,32,387,0.00516795865633075
come,friend,2,33,387,0.00516795865633075
come,visitor,2,34,387,0.00516795865633075
come,car,2,35,387,0.00516795865633075
come,clown,2,36,387,0.00516795865633075
come,brisco,1,37,387,0.002583979328165375
come,everything,1,38,387,0.002583979328165375
come,sock,1,39,387,0.002583979328165375
come,mandy,1,40,387,0.002583979328165375
come,horsie,1,41,387,0.002583979328165375
come,stuff,1,42,387,0.002583979328165375
come,arm,1,43,387,0.002583979328165375
come,chance,1,44,387,0.002583979328165375
come,bib,1,45,387,0.002583979328165375
come,shoe,1,46,387,0.002583979328165375
come,timber,1,47,387,0.002583979328165375
come,mail,1,48,387,0.002583979328165375
come,bubbler,1,49,387,0.002583979328165375
come,diaper,1,50,387,0.002583979328165375
come,daisy,1,51,387,0.002583979328165375
come,emily,1,52,387,0.002583979328165375
come,jill,1,53,387,0.002583979328165375
come,dakota,1,54,387,0.002583979328165375
come,scarf,1,55,387,0.002583979328165375
come,dream,1,56,387,0.002583979328165375
come,pooh,1,57,387,0.002583979328165375
come,mom,1,58,387,0.002583979328165375
come,cookiemonster,1,59,387,0.002583979328165375
come,teethie,1,60,387,0.002583979328165375
come,gus,1,61,387,0.002583979328165375
come,dadada,1,62,387,0.002583979328165375
come,maggie,1,63,387,0.002583979328165375
come,yuli,1,64,387,0.002583979328165375
come,poo,1,65,387,0.002583979328165375
come,foot,1,66,387,0.002583979328165375
come,soap,1,67,387,0.002583979328165375
come,byebye,1,68,387,0.002583979328165375
come,carrot,1,69,387,0.002583979328165375
come,name,1,70,387,0.002583979328165375
come,thomas,1,71,387,0.002583979328165375
come,noise,1,72,387,0.002583979328165375
come,winter,1,73,387,0.002583979328165375
come,guy,1,74,387,0.002583979328165375
come,poop,1,75,387,0.002583979328165375
come,bug,1,76,387,0.002583979328165375
come,grandma,1,77,387,0.002583979328165375
come,string,1,78,387,0.002583979328165375
come,joseph,1,79,387,0.002583979328165375
come,man,1,80,387,0.002583979328165375
come,here,1,81,387,0.002583979328165375
come,truck,1,82,387,0.002583979328165375
come,kisse,1,83,387,0.002583979328165375
come,tummy,1,84,387,0.002583979328165375
come,nemo,1,85,387,0.002583979328165375
come,bunny,1,86,387,0.002583979328165375
come,head,1,87,387,0.002583979328165375
come,anything,1,88,387,0.002583979328165375
look,you,155,1,306,0.5065359477124183
look,it,28,2,306,0.0915032679738562
look,that,22,3,306,0.0718954248366013
look,we,20,4,306,0.06535947712418301
look,i,16,5,306,0.05228758169934641
look,they,12,6,306,0.0392156862745098
look,he,10,7,306,0.032679738562091505
look,this,8,8,306,0.026143790849673203
look,one,5,9,306,0.016339869281045753
look,everything,2,10,306,0.006535947712418301
look,thing,2,11,306,0.006535947712418301
look,kitten,2,12,306,0.006535947712418301
look,judy,2,13,306,0.006535947712418301
look,baby,2,14,306,0.006535947712418301
look,mommy,2,15,306,0.006535947712418301
look,she,2,16,306,0.006535947712418301
look,what,1,17,306,0.0032679738562091504
look,everyone,1,18,306,0.0032679738562091504
look,lip,1,19,306,0.0032679738562091504
look,stuff,1,20,306,0.0032679738562091504
look,daddy,1,21,306,0.0032679738562091504
look,thankyou,1,22,306,0.0032679738562091504
look,grass,1,23,306,0.0032679738562091504
look,somebody,1,24,306,0.0032679738562091504
look,maggie,1,25,306,0.0032679738562091504
look,dyiesha,1,26,306,0.0032679738562091504
look,cow,1,27,306,0.0032679738562091504
look,rug,1,28,306,0.0032679738562091504
look,shirt,1,29,306,0.0032679738562091504
look,life,1,30,306,0.0032679738562091504
look,neck,1,31,306,0.0032679738562091504
look,who,1,32,306,0.0032679738562091504
play,you,166,1,304,0.5460526315789473
play,we,58,2,304,0.19078947368421054
play,i,24,3,304,0.07894736842105263
play,he,13,4,304,0.04276315789473684
play,they,6,5,304,0.019736842105263157
play,mommy,5,6,304,0.01644736842105263
play,daddy,5,7,304,0.01644736842105263
play,judy,3,8,304,0.009868421052631578
play,morgan,2,9,304,0.006578947368421052
play,hand,2,10,304,0.006578947368421052
play,fuzzytaillamb,2,11,304,0.006578947368421052
play,who,2,12,304,0.006578947368421052
play,tabitha,2,13,304,0.006578947368421052
play,guy,2,14,304,0.006578947368421052
play,dolphin,1,15,304,0.003289473684210526
play,timmy,1,16,304,0.003289473684210526
play,useta,1,17,304,0.003289473684210526
play,that,1,18,304,0.003289473684210526
play,roo,1,19,304,0.003289473684210526
play,none,1,20,304,0.003289473684210526
play,kitty,1,21,304,0.003289473684210526
play,loyal,1,22,304,0.003289473684210526
play,brother,1,23,304,0.003289473684210526
play,joseph,1,24,304,0.003289473684210526
play,catherine,1,25,304,0.003289473684210526
play,baby,1,26,304,0.003289473684210526
need,you,97,1,257,0.377431906614786
need,i,43,2,257,0.16731517509727625
need,we,41,3,257,0.15953307392996108
need,mommy,31,4,257,0.12062256809338522
need,he,14,5,257,0.054474708171206226
need,she,4,6,257,0.01556420233463035
need,daddy,3,7,257,0.011673151750972763
need,it,2,8,257,0.007782101167315175
need,who,2,9,257,0.007782101167315175
need,room,2,10,257,0.007782101167315175
need,catherine,2,11,257,0.007782101167315175
need,morgie,1,12,257,0.0038910505836575876
need,towel,1,13,257,0.0038910505836575876
need,someone,1,14,257,0.0038910505836575876
need,mama,1,15,257,0.0038910505836575876
need,this,1,16,257,0.0038910505836575876
need,kitchen,1,17,257,0.0038910505836575876
need,doggie,1,18,257,0.0038910505836575876
need,diaper,1,19,257,0.0038910505836575876
need,trash,1,20,257,0.0038910505836575876
need,they,1,21,257,0.0038910505836575876
need,thing,1,22,257,0.0038910505836575876
need,joseph,1,23,257,0.0038910505836575876
need,grandma,1,24,257,0.0038910505836575876
need,guy,1,25,257,0.0038910505836575876
need,that,1,26,257,0.0038910505836575876
need,what,1,27,257,0.0038910505836575876
make,you,68,1,252,0.2698412698412698
make,that,30,2,252,0.11904761904761904
make,we,27,3,252,0.10714285714285714
make,i,21,4,252,0.08333333333333333
make,he,13,5,252,0.051587301587301584
make,mommy,13,6,252,0.051587301587301584
make,it,11,7,252,0.04365079365079365
make,they,8,8,252,0.031746031746031744
make,this,7,9,252,0.027777777777777776
make,she,6,10,252,0.023809523809523808
make,kitty,4,11,252,0.015873015873015872
make,god,4,12,252,0.015873015873015872
make,daddy,3,13,252,0.011904761904761904
make,babydonald,3,14,252,0.011904761904761904
make,wool,2,15,252,0.007936507936507936
make,doggie,2,16,252,0.007936507936507936
make,baby,2,17,252,0.007936507936507936
make,catherine,2,18,252,0.007936507936507936
make,morgie,1,19,252,0.003968253968253968
make,ball,1,20,252,0.003968253968253968
make,needta,1,21,252,0.003968253968253968
make,who,1,22,252,0.003968253968253968
make,firstyear,1,23,252,0.003968253968253968
make,medicine,1,24,252,0.003968253968253968
make,everything,1,25,252,0.003968253968253968
make,nothing,1,26,252,0.003968253968253968
make,beet,1,27,252,0.003968253968253968
make,man,1,28,252,0.003968253968253968
make,useta,1,29,252,0.003968253968253968
make,babydaisy,1,30,252,0.003968253968253968
make,book,1,31,252,0.003968253968253968
make,one,1,32,252,0.003968253968253968
make,terry,1,33,252,0.003968253968253968
make,your,1,34,252,0.003968253968253968
make,grandma,1,35,252,0.003968253968253968
make,glasses,1,36,252,0.003968253968253968
make,nose,1,37,252,0.003968253968253968
make,weather,1,38,252,0.003968253968253968
make,sure,1,39,252,0.003968253968253968
make,door,1,40,252,0.003968253968253968
make,cup,1,41,252,0.003968253968253968
make,thomas,1,42,252,0.003968253968253968
make,something,1,43,252,0.003968253968253968
make,what,1,44,252,0.003968253968253968
try,you,163,1,233,0.6995708154506438
try,we,22,2,233,0.0944206008583691
try,i,22,3,233,0.0944206008583691
try,he,10,4,233,0.04291845493562232
try,mommy,6,5,233,0.02575107296137339
try,she,2,6,233,0.008583690987124463
try,mama,1,7,233,0.004291845493562232
try,ball,1,8,233,0.004291845493562232
try,kitty,1,9,233,0.004291845493562232
try,it,1,10,233,0.004291845493562232
try,useta,1,11,233,0.004291845493562232
try,being,1,12,233,0.004291845493562232
try,missy,1,13,233,0.004291845493562232
try,mother,1,14,233,0.004291845493562232
take,you,88,1,226,0.3893805309734513
take,i,42,2,226,0.18584070796460178
take,we,31,3,226,0.13716814159292035
take,he,15,4,226,0.06637168141592921
take,it,12,5,226,0.05309734513274336
take,mommy,10,6,226,0.04424778761061947
take,they,3,7,226,0.01327433628318584
take,she,3,8,226,0.01327433628318584
take,god,3,9,226,0.01327433628318584
take,that,2,10,226,0.008849557522123894
take,daddy,2,11,226,0.008849557522123894
take,morgan,1,12,226,0.004424778761061947
take,egg,1,13,226,0.004424778761061947
take,one,1,14,226,0.004424778761061947
take,tabitha,1,15,226,0.004424778761061947
take,aladin,1,16,226,0.004424778761061947
take,jafar,1,17,226,0.004424778761061947
take,prince,1,18,226,0.004424778761061947
take,carpet,1,19,226,0.004424778761061947
take,path,1,20,226,0.004424778761061947
take,eddie,1,21,226,0.004424778761061947
take,tigger,1,22,226,0.004424778761061947
take,eve,1,23,226,0.004424778761061947
take,joseph,1,24,226,0.004424778761061947
take,hand,1,25,226,0.004424778761061947
take,blitzen,1,26,226,0.004424778761061947
hear,you,107,1,198,0.5404040404040404
hear,i,82,2,198,0.41414141414141414
hear,we,3,3,198,0.015151515151515152
hear,they,2,4,198,0.010101010101010102
hear,she,1,5,198,0.005050505050505051
hear,it,1,6,198,0.005050505050505051
hear,joseph,1,7,198,0.005050505050505051
hear,he,1,8,198,0.005050505050505051
eat,you,122,1,189,0.6455026455026455
eat,i,10,2,189,0.05291005291005291
eat,he,9,3,189,0.047619047619047616
eat,we,9,4,189,0.047619047619047616
eat,they,8,5,189,0.042328042328042326
eat,mommy,7,6,189,0.037037037037037035
eat,it,3,7,189,0.015873015873015872
eat,baby,2,8,189,0.010582010582010581
eat,timmy,2,9,189,0.010582010582010581
eat,bunny,2,10,189,0.010582010582010581
eat,she,2,11,189,0.010582010582010581
eat,that,2,12,189,0.010582010582010581
eat,morgan,1,13,189,0.005291005291005291
eat,brisco,1,14,189,0.005291005291005291
eat,mandy,1,15,189,0.005291005291005291
eat,mouth,1,16,189,0.005291005291005291
eat,boy,1,17,189,0.005291005291005291
eat,useta,1,18,189,0.005291005291005291
eat,person,1,19,189,0.005291005291005291
eat,anyone,1,20,189,0.005291005291005291
eat,horse,1,21,189,0.005291005291005291
eat,who,1,22,189,0.005291005291005291
eat,needta,1,23,189,0.005291005291005291
give,you,62,1,150,0.41333333333333333
give,i,49,2,150,0.32666666666666666
give,we,13,3,150,0.08666666666666667
give,mommy,6,4,150,0.04
give,daddy,3,5,150,0.02
give,it,2,6,150,0.013333333333333334
give,she,2,7,150,0.013333333333333334
give,miss,2,8,150,0.013333333333333334
give,that,2,9,150,0.013333333333333334
give,max,1,10,150,0.006666666666666667
give,he,1,11,150,0.006666666666666667
give,mama,1,12,150,0.006666666666666667
give,needta,1,13,150,0.006666666666666667
give,grandma,1,14,150,0.006666666666666667
give,banana,1,15,150,0.006666666666666667
give,eve,1,16,150,0.006666666666666667
give,who,1,17,150,0.006666666666666667
give,somebody,1,18,150,0.006666666666666667
find,you,77,1,149,0.5167785234899329
find,we,33,2,149,0.2214765100671141
find,i,23,3,149,0.15436241610738255
find,mommy,6,4,149,0.040268456375838924
find,she,3,5,149,0.020134228187919462
find,he,3,6,149,0.020134228187919462
find,morgan,1,7,149,0.006711409395973154
find,aladin,1,8,149,0.006711409395973154
find,they,1,9,149,0.006711409395973154
find,what,1,10,149,0.006711409395973154
love,i,56,1,144,0.3888888888888889
love,you,36,2,144,0.25
love,mommy,14,3,144,0.09722222222222222
love,jesus,7,4,144,0.04861111111111111
love,baby,6,5,144,0.041666666666666664
love,mama,5,6,144,0.034722222222222224
love,who,4,7,144,0.027777777777777776
love,we,3,8,144,0.020833333333333332
love,pooh,2,9,144,0.013888888888888888
love,alex,2,10,144,0.013888888888888888
love,corduroy,2,11,144,0.013888888888888888
love,dada,1,12,144,0.006944444444444444
love,boneen,1,13,144,0.006944444444444444
love,she,1,14,144,0.006944444444444444
love,daddy,1,15,144,0.006944444444444444
love,he,1,16,144,0.006944444444444444
love,everybody,1,17,144,0.006944444444444444
love,kim,1,18,144,0.006944444444444444
fall,you,52,1,139,0.37410071942446044
fall,it,21,2,139,0.1510791366906475
fall,he,12,3,139,0.08633093525179857
fall,bridge,7,4,139,0.050359712230215826
fall,i,4,5,139,0.02877697841726619
fall,mike,3,6,139,0.02158273381294964
fall,thing,3,7,139,0.02158273381294964
fall,everything,3,8,139,0.02158273381294964
fall,battery,3,9,139,0.02158273381294964
fall,that,2,10,139,0.014388489208633094
fall,she,2,11,139,0.014388489208633094
fall,they,2,12,139,0.014388489208633094
fall,one,2,13,139,0.014388489208633094
fall,kitty,2,14,139,0.014388489208633094
fall,milk,1,15,139,0.007194244604316547
fall,honey,1,16,139,0.007194244604316547
fall,uhoh,1,17,139,0.007194244604316547
fall,everybody,1,18,139,0.007194244604316547
fall,monitor,1,19,139,0.007194244604316547
fall,this,1,20,139,0.007194244604316547
fall,jack,1,21,139,0.007194244604316547
fall,leaf,1,22,139,0.007194244604316547
fall,sock,1,23,139,0.007194244604316547
fall,hat,1,24,139,0.007194244604316547
fall,we,1,25,139,0.007194244604316547
fall,baby,1,26,139,0.007194244604316547
fall,chickie,1,27,139,0.007194244604316547
fall,sausage,1,28,139,0.007194244604316547
fall,curtain,1,29,139,0.007194244604316547
fall,cheese,1,30,139,0.007194244604316547
fall,frog,1,31,139,0.007194244604316547
fall,something,1,32,139,0.007194244604316547
fall,balloon,1,33,139,0.007194244604316547
fall,mommy,1,34,139,0.007194244604316547
fall,dress,1,35,139,0.007194244604316547
sit,you,79,1,125,0.632
sit,we,12,2,125,0.096
sit,he,7,3,125,0.056
sit,i,7,4,125,0.056
sit,morgan,5,5,125,0.04
sit,humptydumpty,2,6,125,0.016
sit,mommy,2,7,125,0.016
sit,howabout,2,8,125,0.016
sit,she,2,9,125,0.016
sit,joseph,2,10,125,0.016
sit,it,1,11,125,0.008
sit,bike,1,12,125,0.008
sit,little,1,13,125,0.008
sit,baby,1,14,125,0.008
sit,puppy,1,15,125,0.008
throw,you,79,1,119,0.6638655462184874
throw,i,12,2,119,0.10084033613445378
throw,we,11,3,119,0.09243697478991597
throw,mommy,6,4,119,0.05042016806722689
throw,he,4,5,119,0.03361344537815126
throw,who,3,6,119,0.025210084033613446
throw,alex,2,7,119,0.01680672268907563
throw,baby,1,8,119,0.008403361344537815
throw,that,1,9,119,0.008403361344537815
tell,i,43,1,112,0.38392857142857145
tell,you,39,2,112,0.3482142857142857
tell,he,6,3,112,0.05357142857142857
tell,we,5,4,112,0.044642857142857144
tell,who,3,5,112,0.026785714285714284
tell,jesus,3,6,112,0.026785714285714284
tell,mommy,2,7,112,0.017857142857142856
tell,name,2,8,112,0.017857142857142856
tell,mandy,1,9,112,0.008928571428571428
tell,mother,1,10,112,0.008928571428571428
tell,sultan,1,11,112,0.008928571428571428
tell,aladin,1,12,112,0.008928571428571428
tell,she,1,13,112,0.008928571428571428
tell,anybody,1,14,112,0.008928571428571428
tell,which,1,15,112,0.008928571428571428
tell,guy,1,16,112,0.008928571428571428
tell,it,1,17,112,0.008928571428571428
feel,you,39,1,98,0.3979591836734694
feel,that,21,2,98,0.21428571428571427
feel,it,13,3,98,0.1326530612244898
feel,i,7,4,98,0.07142857142857142
feel,they,3,5,98,0.030612244897959183
feel,he,2,6,98,0.02040816326530612
feel,water,2,7,98,0.02040816326530612
feel,belly,2,8,98,0.02040816326530612
feel,window,1,9,98,0.01020408163265306
feel,tongue,1,10,98,0.01020408163265306
feel,shoe,1,11,98,0.01020408163265306
feel,judy,1,12,98,0.01020408163265306
feel,mommy,1,13,98,0.01020408163265306
feel,sink,1,14,98,0.01020408163265306
feel,this,1,15,98,0.01020408163265306
feel,we,1,16,98,0.01020408163265306
feel,bath,1,17,98,0.01020408163265306
can,you,67,1,97,0.6907216494845361
can,i,16,2,97,0.16494845360824742
can,we,3,3,97,0.030927835051546393
can,they,2,4,97,0.020618556701030927
can,pooh,2,5,97,0.020618556701030927
can,this,1,6,97,0.010309278350515464
can,leg,1,7,97,0.010309278350515464
can,what,1,8,97,0.010309278350515464
can,trash,1,9,97,0.010309278350515464
can,judy,1,10,97,0.010309278350515464
can,mommy,1,11,97,0.010309278350515464
can,name,1,12,97,0.010309278350515464
help,i,38,1,97,0.3917525773195876
help,you,22,2,97,0.2268041237113402
help,mommy,13,3,97,0.13402061855670103
help,that,8,4,97,0.08247422680412371
help,she,3,5,97,0.030927835051546393
help,it,2,6,97,0.020618556701030927
help,nobody,1,7,97,0.010309278350515464
help,who,1,8,97,0.010309278350515464
help,ernie,1,9,97,0.010309278350515464
help,harry,1,10,97,0.010309278350515464
help,cookiemonster,1,11,97,0.010309278350515464
help,bigbird,1,12,97,0.010309278350515464
help,carpet,1,13,97,0.010309278350515464
help,daddy,1,14,97,0.010309278350515464
help,thomas,1,15,97,0.010309278350515464
help,grandma,1,16,97,0.010309278350515464
help,catherine,1,17,97,0.010309278350515464
talk,you,49,1,91,0.5384615384615384
talk,i,19,2,91,0.2087912087912088
talk,we,7,3,91,0.07692307692307693
talk,he,4,4,91,0.04395604395604396
talk,they,4,5,91,0.04395604395604396
talk,she,3,6,91,0.03296703296703297
talk,burt,1,7,91,0.01098901098901099
talk,useta,1,8,91,0.01098901098901099
talk,loyal,1,9,91,0.01098901098901099
talk,one,1,10,91,0.01098901098901099
talk,mom,1,11,91,0.01098901098901099
let,i,36,1,89,0.4044943820224719
let,you,32,2,89,0.3595505617977528
let,we,6,3,89,0.06741573033707865
let,mommy,5,4,89,0.056179775280898875
let,she,1,5,89,0.011235955056179775
let,who,1,6,89,0.011235955056179775
let,he,1,7,89,0.011235955056179775
let,shape,1,8,89,0.011235955056179775
let,friend,1,9,89,0.011235955056179775
let,what,1,10,89,0.011235955056179775
let,guy,1,11,89,0.011235955056179775
let,thomas,1,12,89,0.011235955056179775
let,catherine,1,13,89,0.011235955056179775
let,all,1,14,89,0.011235955056179775
turn,you,38,1,79,0.4810126582278481
turn,we,16,2,79,0.20253164556962025
turn,i,9,3,79,0.11392405063291139
turn,it,5,4,79,0.06329113924050633
turn,they,2,5,79,0.02531645569620253
turn,ring,2,6,79,0.02531645569620253
turn,daddy,2,7,79,0.02531645569620253
turn,that,1,8,79,0.012658227848101266
turn,mommy,1,9,79,0.012658227848101266
turn,he,1,10,79,0.012658227848101266
turn,ernie,1,11,79,0.012658227848101266
turn,catherine,1,12,79,0.012658227848101266
hold,you,54,1,79,0.6835443037974683
hold,i,11,2,79,0.13924050632911392
hold,baby,2,3,79,0.02531645569620253
hold,mommy,2,4,79,0.02531645569620253
hold,he,2,5,79,0.02531645569620253
hold,she,1,6,79,0.012658227848101266
hold,mom,1,7,79,0.012658227848101266
hold,hand,1,8,79,0.012658227848101266
hold,two,1,9,79,0.012658227848101266
hold,leg,1,10,79,0.012658227848101266
hold,catherine,1,11,79,0.012658227848101266
hold,this,1,12,79,0.012658227848101266
hold,kim,1,13,79,0.012658227848101266
read,you,27,1,79,0.34177215189873417
read,we,21,2,79,0.26582278481012656
read,i,16,3,79,0.20253164556962025
read,they,3,4,79,0.0379746835443038
read,judy,2,5,79,0.02531645569620253
read,guy,2,6,79,0.02531645569620253
read,he,1,7,79,0.012658227848101266
read,uncle,1,8,79,0.012658227848101266
read,mommy,1,9,79,0.012658227848101266
read,catherine,1,10,79,0.012658227848101266
read,daddy,1,11,79,0.012658227848101266
read,she,1,12,79,0.012658227848101266
read,doll,1,13,79,0.012658227848101266
read,bear,1,14,79,0.012658227848101266
stand,you,57,1,73,0.7808219178082192
stand,we,5,2,73,0.0684931506849315
stand,he,3,3,73,0.0410958904109589
stand,it,2,4,73,0.0273972602739726
stand,number,1,5,73,0.0136986301369863
stand,needta,1,6,73,0.0136986301369863
stand,they,1,7,73,0.0136986301369863
stand,that,1,8,73,0.0136986301369863
stand,she,1,9,73,0.0136986301369863
stand,i,1,10,73,0.0136986301369863
drop,you,58,1,72,0.8055555555555556
drop,i,6,2,72,0.08333333333333333
drop,mommy,2,3,72,0.027777777777777776
drop,we,2,4,72,0.027777777777777776
drop,mom,1,5,72,0.013888888888888888
drop,it,1,6,72,0.013888888888888888
drop,nose,1,7,72,0.013888888888888888
drop,lady,1,8,72,0.013888888888888888
hurt,it,22,1,72,0.3055555555555556
hurt,that,19,2,72,0.2638888888888889
hurt,you,13,3,72,0.18055555555555555
hurt,they,4,4,72,0.05555555555555555
hurt,teethie,4,5,72,0.05555555555555555
hurt,gum,3,6,72,0.041666666666666664
hurt,i,3,7,72,0.041666666666666664
hurt,toe,1,8,72,0.013888888888888888
hurt,he,1,9,72,0.013888888888888888
hurt,mommy,1,10,72,0.013888888888888888
hurt,book,1,11,72,0.013888888888888888
mean,that,26,1,71,0.36619718309859156
mean,i,21,2,71,0.29577464788732394
mean,it,8,3,71,0.11267605633802817
mean,you,7,4,71,0.09859154929577464
mean,one,3,5,71,0.04225352112676056
mean,word,3,6,71,0.04225352112676056
mean,smile,1,7,71,0.014084507042253521
mean,clap,1,8,71,0.014084507042253521
mean,we,1,9,71,0.014084507042253521
work,it,27,1,70,0.38571428571428573
work,that,10,2,70,0.14285714285714285
work,you,6,3,70,0.08571428571428572
work,thing,3,4,70,0.04285714285714286
work,we,3,5,70,0.04285714285714286
work,this,3,6,70,0.04285714285714286
work,i,2,7,70,0.02857142857142857
work,one,2,8,70,0.02857142857142857
work,bed,1,9,70,0.014285714285714285
work,trick,1,10,70,0.014285714285714285
work,everything,1,11,70,0.014285714285714285
work,babydonald,1,12,70,0.014285714285714285
work,tape,1,13,70,0.014285714285714285
work,he,1,14,70,0.014285714285714285
work,foot,1,15,70,0.014285714285714285
work,leg,1,16,70,0.014285714285714285
work,anything,1,17,70,0.014285714285714285
work,eye,1,18,70,0.014285714285714285
work,mommy,1,19,70,0.014285714285714285
work,finishe,1,20,70,0.014285714285714285
work,name,1,21,70,0.014285714285714285
work,bib,1,22,70,0.014285714285714285
walk,you,30,1,68,0.4411764705882353
walk,we,11,2,68,0.16176470588235295
walk,he,9,3,68,0.1323529411764706
walk,i,6,4,68,0.08823529411764706
walk,spider,6,5,68,0.08823529411764706
walk,they,3,6,68,0.04411764705882353
walk,airplane,1,7,68,0.014705882352941176
walk,she,1,8,68,0.014705882352941176
walk,somebody,1,9,68,0.014705882352941176
watch,you,37,1,67,0.5522388059701493
watch,i,9,2,67,0.13432835820895522
watch,we,8,3,67,0.11940298507462686
watch,he,4,4,67,0.05970149253731343
watch,they,3,5,67,0.04477611940298507
watch,joseph,3,6,67,0.04477611940298507
watch,morgan,1,7,67,0.014925373134328358
watch,she,1,8,67,0.014925373134328358
watch,who,1,9,67,0.014925373134328358
wash,i,21,1,63,0.3333333333333333
wash,we,16,2,63,0.25396825396825395
wash,mommy,11,3,63,0.1746031746031746
wash,you,5,4,63,0.07936507936507936
wash,he,3,5,63,0.047619047619047616
wash,mama,1,6,63,0.015873015873015872
wash,that,1,7,63,0.015873015873015872
wash,they,1,8,63,0.015873015873015872
wash,what,1,9,63,0.015873015873015872
wash,grandma,1,10,63,0.015873015873015872
wash,guy,1,11,63,0.015873015873015872
wash,rain,1,12,63,0.015873015873015872
pull,you,42,1,62,0.6774193548387096
pull,we,8,2,62,0.12903225806451613
pull,i,6,3,62,0.0967741935483871
pull,he,4,4,62,0.06451612903225806
pull,who,1,5,62,0.016129032258064516
pull,hat,1,6,62,0.016129032258064516
keep,you,34,1,59,0.576271186440678
keep,we,7,2,59,0.11864406779661017
keep,i,5,3,59,0.0847457627118644
keep,he,2,4,59,0.03389830508474576
keep,that,2,5,59,0.03389830508474576
keep,needta,2,6,59,0.03389830508474576
keep,morgie,1,7,59,0.01694915254237288
keep,thing,1,8,59,0.01694915254237288
keep,mommy,1,9,59,0.01694915254237288
keep,dakota,1,10,59,0.01694915254237288
keep,foot,1,11,59,0.01694915254237288
keep,she,1,12,59,0.01694915254237288
keep,carrot,1,13,59,0.01694915254237288
wave,you,44,1,58,0.7586206896551724
wave,they,3,2,58,0.05172413793103448
wave,we,2,3,58,0.034482758620689655
wave,he,2,4,58,0.034482758620689655
wave,paul,2,5,58,0.034482758620689655
wave,that,1,6,58,0.017241379310344827
wave,mandy,1,7,58,0.017241379310344827
wave,tabitha,1,8,58,0.017241379310344827
wave,mommy,1,9,58,0.017241379310344827
wave,it,1,10,58,0.017241379310344827
sing,you,33,1,57,0.5789473684210527
sing,i,7,2,57,0.12280701754385964
sing,we,4,3,57,0.07017543859649122
sing,pants,3,4,57,0.05263157894736842
sing,mockingbird,2,5,57,0.03508771929824561
sing,they,2,6,57,0.03508771929824561
sing,he,2,7,57,0.03508771929824561
sing,she,2,8,57,0.03508771929824561
sing,jaylen,1,9,57,0.017543859649122806
sing,bird,1,10,57,0.017543859649122806
guess,i,54,1,55,0.9818181818181818
guess,she,1,2,55,0.01818181818181818
roll,you,25,1,54,0.46296296296296297
roll,it,11,2,54,0.2037037037037037
roll,they,3,3,54,0.05555555555555555
roll,he,3,4,54,0.05555555555555555
roll,wave,2,5,54,0.037037037037037035
roll,i,2,6,54,0.037037037037037035
roll,timmy,2,7,54,0.037037037037037035
roll,mommy,1,8,54,0.018518518518518517
roll,this,1,9,54,0.018518518518518517
roll,one,1,10,54,0.018518518518518517
roll,that,1,11,54,0.018518518518518517
roll,we,1,12,54,0.018518518518518517
roll,honey,1,13,54,0.018518518518518517
chew,you,51,1,54,0.9444444444444444
chew,i,3,2,54,0.05555555555555555
stay,you,19,1,53,0.3584905660377358
stay,piggy,9,2,53,0.16981132075471697
stay,piggie,4,3,53,0.07547169811320754
stay,we,3,4,53,0.05660377358490566
stay,it,3,5,53,0.05660377358490566
stay,that,2,6,53,0.03773584905660377
stay,he,2,7,53,0.03773584905660377
stay,pokemon,2,8,53,0.03773584905660377
stay,mandy,1,9,53,0.018867924528301886
stay,pool,1,10,53,0.018867924528301886
stay,i,1,11,53,0.018867924528301886
stay,june,1,12,53,0.018867924528301886
stay,doggie,1,13,53,0.018867924528301886
stay,tigger,1,14,53,0.018867924528301886
stay,foot,1,15,53,0.018867924528301886
stay,pillow,1,16,53,0.018867924528301886
stay,they,1,17,53,0.018867924528301886
push,you,48,1,53,0.9056603773584906
push,i,4,2,53,0.07547169811320754
push,we,1,3,53,0.018867924528301886
leave,you,22,1,51,0.43137254901960786
leave,i,11,2,51,0.21568627450980393
leave,we,6,3,51,0.11764705882352941
leave,they,3,4,51,0.058823529411764705
leave,dad,2,5,51,0.0392156862745098
leave,dada,1,6,51,0.0196078431372549
leave,truck,1,7,51,0.0196078431372549
leave,mommy,1,8,51,0.0196078431372549
leave,person,1,9,51,0.0196078431372549
leave,nana,1,10,51,0.0196078431372549
leave,he,1,11,51,0.0196078431372549
leave,it,1,12,51,0.0196078431372549
crawl,you,26,1,51,0.5098039215686274
crawl,he,6,2,51,0.11764705882352941
crawl,spider,5,3,51,0.09803921568627451
crawl,we,3,4,51,0.058823529411764705
crawl,babywily,3,5,51,0.058823529411764705
crawl,she,2,6,51,0.0392156862745098
crawl,mommy,1,7,51,0.0196078431372549
crawl,baby,1,8,51,0.0196078431372549
crawl,it,1,9,51,0.0196078431372549
crawl,they,1,10,51,0.0196078431372549
crawl,i,1,11,51,0.0196078431372549
crawl,name,1,12,51,0.0196078431372549
wear,you,22,1,50,0.44
wear,he,12,2,50,0.24
wear,i,2,3,50,0.04
wear,mommy,2,4,50,0.04
wear,catherine,2,5,50,0.04
wear,thomas,2,6,50,0.04
wear,peter,1,7,50,0.02
wear,tabitha,1,8,50,0.02
wear,baby,1,9,50,0.02
wear,boy,1,10,50,0.02
wear,school,1,11,50,0.02
wear,guy,1,12,50,0.02
wear,we,1,13,50,0.02
wear,she,1,14,50,0.02
run,you,20,1,49,0.40816326530612246
run,i,5,2,49,0.10204081632653061
run,she,4,3,49,0.08163265306122448
run,they,4,4,49,0.08163265306122448
run,we,3,5,49,0.061224489795918366
run,it,3,6,49,0.061224489795918366
run,he,2,7,49,0.04081632653061224
run,mouse,2,8,49,0.04081632653061224
run,nose,1,9,49,0.02040816326530612
run,water,1,10,49,0.02040816326530612
run,mommy,1,11,49,0.02040816326530612
run,needta,1,12,49,0.02040816326530612
run,ball,1,13,49,0.02040816326530612
run,kitty,1,14,49,0.02040816326530612
open,you,23,1,49,0.46938775510204084
open,we,11,2,49,0.22448979591836735
open,i,6,3,49,0.12244897959183673
open,mommy,2,4,49,0.04081632653061224
open,pooh,2,5,49,0.04081632653061224
open,book,2,6,49,0.04081632653061224
open,she,1,7,49,0.02040816326530612
open,he,1,8,49,0.02040816326530612
open,thomas,1,9,49,0.02040816326530612
bring,you,15,1,48,0.3125
bring,we,12,2,48,0.25
bring,i,10,3,48,0.20833333333333334
bring,they,4,4,48,0.08333333333333333
bring,daddy,2,5,48,0.041666666666666664
bring,he,2,6,48,0.041666666666666664
bring,that,1,7,48,0.020833333333333332
bring,storm,1,8,48,0.020833333333333332
bring,sothat,1,9,48,0.020833333333333332
taste,it,16,1,45,0.35555555555555557
taste,that,16,2,45,0.35555555555555557
taste,book,2,3,45,0.044444444444444446
taste,they,2,4,45,0.044444444444444446
taste,you,1,5,45,0.022222222222222223
taste,finger,1,6,45,0.022222222222222223
taste,blankie,1,7,45,0.022222222222222223
taste,juice,1,8,45,0.022222222222222223
taste,person,1,9,45,0.022222222222222223
taste,soap,1,10,45,0.022222222222222223
taste,my,1,11,45,0.022222222222222223
taste,toe,1,12,45,0.022222222222222223
taste,he,1,13,45,0.022222222222222223
move,you,12,1,43,0.27906976744186046
move,we,9,2,43,0.20930232558139536
move,i,8,3,43,0.18604651162790697
move,mommy,3,4,43,0.06976744186046512
move,they,3,5,43,0.06976744186046512
move,he,2,6,43,0.046511627906976744
move,hand,2,7,43,0.046511627906976744
move,car,1,8,43,0.023255813953488372
move,it,1,9,43,0.023255813953488372
move,chair,1,10,43,0.023255813953488372
move,butt,1,11,43,0.023255813953488372
use,you,14,1,43,0.32558139534883723
use,we,7,2,43,0.16279069767441862
use,he,6,3,43,0.13953488372093023
use,mommy,3,4,43,0.06976744186046512
use,joseph,3,5,43,0.06976744186046512
use,jafar,2,6,43,0.046511627906976744
use,i,2,7,43,0.046511627906976744
use,somebody,1,8,43,0.023255813953488372
use,she,1,9,43,0.023255813953488372
use,howabout,1,10,43,0.023255813953488372
use,they,1,11,43,0.023255813953488372
use,one,1,12,43,0.023255813953488372
use,child,1,13,43,0.023255813953488372
knock,you,33,1,43,0.7674418604651163
knock,he,4,2,43,0.09302325581395349
knock,we,2,3,43,0.046511627906976744
knock,she,1,4,43,0.023255813953488372
knock,henry,1,5,43,0.023255813953488372
knock,thomas,1,6,43,0.023255813953488372
knock,that,1,7,43,0.023255813953488372
reach,you,30,1,42,0.7142857142857143
reach,i,6,2,42,0.14285714285714285
reach,he,4,3,42,0.09523809523809523
reach,aladin,1,4,42,0.023809523809523808
reach,mommy,1,5,42,0.023809523809523808
start,you,14,1,41,0.34146341463414637
start,we,10,2,41,0.24390243902439024
start,it,4,3,41,0.0975609756097561
start,i,3,4,41,0.07317073170731707
start,they,2,5,41,0.04878048780487805
start,she,2,6,41,0.04878048780487805
start,show,1,7,41,0.024390243902439025
start,juice,1,8,41,0.024390243902439025
start,needta,1,9,41,0.024390243902439025
start,playing,1,10,41,0.024390243902439025
start,guy,1,11,41,0.024390243902439025
start,school,1,12,41,0.024390243902439025
close,you,30,1,41,0.7317073170731707
close,we,5,2,41,0.12195121951219512
close,i,4,3,41,0.0975609756097561
close,all,1,4,41,0.024390243902439025
close,mommy,1,5,41,0.024390243902439025
forget,i,11,1,40,0.275
forget,mommy,8,2,40,0.2
forget,we,8,3,40,0.2
forget,you,6,4,40,0.15
forget,he,2,5,40,0.05
forget,she,2,6,40,0.05
forget,daddy,1,7,40,0.025
forget,sothat,1,8,40,0.025
forget,joseph,1,9,40,0.025
smell,you,24,1,40,0.6
smell,i,4,2,40,0.1
smell,flower,4,3,40,0.1
smell,it,2,4,40,0.05
smell,paul,2,5,40,0.05
smell,cake,1,6,40,0.025
smell,foot,1,7,40,0.025
smell,something,1,8,40,0.025
smell,they,1,9,40,0.025
clean,i,10,1,39,0.2564102564102564
clean,we,9,2,39,0.23076923076923078
clean,mommy,6,3,39,0.15384615384615385
clean,all,3,4,39,0.07692307692307693
clean,you,3,5,39,0.07692307692307693
clean,daddy,2,6,39,0.05128205128205128
clean,morgan,1,7,39,0.02564102564102564
clean,lady,1,8,39,0.02564102564102564
clean,they,1,9,39,0.02564102564102564
clean,grandma,1,10,39,0.02564102564102564
clean,he,1,11,39,0.02564102564102564
clean,hasta,1,12,39,0.02564102564102564
hide,you,11,1,39,0.28205128205128205
hide,i,7,2,39,0.1794871794871795
hide,he,5,3,39,0.1282051282051282
hide,it,3,4,39,0.07692307692307693
hide,we,3,5,39,0.07692307692307693
hide,they,2,6,39,0.05128205128205128
hide,she,2,7,39,0.05128205128205128
hide,egg,2,8,39,0.05128205128205128
hide,bird,1,9,39,0.02564102564102564
hide,baby,1,10,39,0.02564102564102564
hide,mommy,1,11,39,0.02564102564102564
hide,joseph,1,12,39,0.02564102564102564
call,you,13,1,37,0.35135135135135137
call,i,10,2,37,0.2702702702702703
call,we,3,3,37,0.08108108108108109
call,misslucy,3,4,37,0.08108108108108109
call,he,2,5,37,0.05405405405405406
call,who,1,6,37,0.02702702702702703
call,person,1,7,37,0.02702702702702703
call,needta,1,8,37,0.02702702702702703
call,merchant,1,9,37,0.02702702702702703
call,god,1,10,37,0.02702702702702703
call,mommy,1,11,37,0.02702702702702703
shake,you,22,1,37,0.5945945945945946
shake,he,4,2,37,0.10810810810810811
shake,babydaffy,3,3,37,0.08108108108108109
shake,one,2,4,37,0.05405405405405406
shake,we,1,5,37,0.02702702702702703
shake,i,1,6,37,0.02702702702702703
shake,that,1,7,37,0.02702702702702703
shake,it,1,8,37,0.02702702702702703
shake,baby,1,9,37,0.02702702702702703
shake,this,1,10,37,0.02702702702702703
clap,you,27,1,35,0.7714285714285715
clap,he,4,2,35,0.11428571428571428
clap,it,2,3,35,0.05714285714285714
clap,they,1,4,35,0.02857142857142857
clap,i,1,5,35,0.02857142857142857
bite,you,26,1,35,0.7428571428571429
bite,i,6,2,35,0.17142857142857143
bite,he,1,3,35,0.02857142857142857
bite,mommy,1,4,35,0.02857142857142857
bite,that,1,5,35,0.02857142857142857
stop,you,14,1,35,0.4
stop,it,5,2,35,0.14285714285714285
stop,he,5,3,35,0.14285714285714285
stop,we,5,4,35,0.14285714285714285
stop,i,2,5,35,0.05714285714285714
stop,stopper,1,6,35,0.02857142857142857
stop,horse,1,7,35,0.02857142857142857
stop,cow,1,8,35,0.02857142857142857
stop,thomas,1,9,35,0.02857142857142857
pick,you,18,1,34,0.5294117647058824
pick,i,9,2,34,0.2647058823529412
pick,mama,2,3,34,0.058823529411764705
pick,hand,1,4,34,0.029411764705882353
pick,six,1,5,34,0.029411764705882353
pick,we,1,6,34,0.029411764705882353
pick,she,1,7,34,0.029411764705882353
pick,he,1,8,34,0.029411764705882353
sound,that,18,1,33,0.5454545454545454
sound,he,5,2,33,0.15151515151515152
sound,it,3,3,33,0.09090909090909091
sound,you,2,4,33,0.06060606060606061
sound,cow,1,5,33,0.030303030303030304
sound,i,1,6,33,0.030303030303030304
sound,one,1,7,33,0.030303030303030304
sound,tune,1,8,33,0.030303030303030304
sound,joseph,1,9,33,0.030303030303030304
blow,you,17,1,32,0.53125
blow,tree,5,2,32,0.15625
blow,hippo,3,3,32,0.09375
blow,wind,2,4,32,0.0625
blow,they,1,5,32,0.03125
blow,mommy,1,6,32,0.03125
blow,daddy,1,7,32,0.03125
blow,leave,1,8,32,0.03125
blow,policeman,1,9,32,0.03125
hope,i,31,1,32,0.96875
hope,we,1,2,32,0.03125
show,i,13,1,32,0.40625
show,you,13,2,32,0.40625
show,mommy,2,3,32,0.0625
show,granny,1,4,32,0.03125
show,we,1,5,32,0.03125
show,they,1,6,32,0.03125
show,he,1,7,32,0.03125
remember,you,14,1,32,0.4375
remember,i,13,2,32,0.40625
remember,mommy,2,3,32,0.0625
remember,he,1,4,32,0.03125
remember,she,1,5,32,0.03125
remember,thomas,1,6,32,0.03125
learn,you,22,1,30,0.7333333333333333
learn,we,2,2,30,0.06666666666666667
learn,they,1,3,30,0.03333333333333333
learn,mandy,1,4,30,0.03333333333333333
learn,panther,1,5,30,0.03333333333333333
learn,brain,1,6,30,0.03333333333333333
learn,joseph,1,7,30,0.03333333333333333
learn,baby,1,8,30,0.03333333333333333
miss,you,15,1,29,0.5172413793103449
miss,we,7,2,29,0.2413793103448276
miss,mommy,2,3,29,0.06896551724137931
miss,lot,1,4,29,0.034482758620689655
miss,square,1,5,29,0.034482758620689655
miss,joseph,1,6,29,0.034482758620689655
miss,who,1,7,29,0.034482758620689655
miss,goodnight,1,8,29,0.034482758620689655
needta,we,13,1,29,0.4482758620689655
needta,you,11,2,29,0.3793103448275862
needta,i,3,3,29,0.10344827586206896
needta,he,2,4,29,0.06896551724137931
bang,you,22,1,28,0.7857142857142857
bang,i,4,2,28,0.14285714285714285
bang,who,1,3,28,0.03571428571428571
bang,it,1,4,28,0.03571428571428571
drink,you,19,1,28,0.6785714285714286
drink,mommy,2,2,28,0.07142857142857142
drink,fuzzytaillamb,2,3,28,0.07142857142857142
drink,we,2,4,28,0.07142857142857142
drink,i,2,5,28,0.07142857142857142
drink,he,1,6,28,0.03571428571428571
hit,you,23,1,27,0.8518518518518519
hit,mommy,2,2,27,0.07407407407407407
hit,we,1,3,27,0.037037037037037035
hit,they,1,4,27,0.037037037037037035
build,you,7,1,27,0.25925925925925924
build,we,6,2,27,0.2222222222222222
build,i,6,3,27,0.2222222222222222
build,they,3,4,27,0.1111111111111111
build,mommy,2,5,27,0.07407407407407407
build,daddy,1,6,27,0.037037037037037035
build,who,1,7,27,0.037037037037037035
build,thomas,1,8,27,0.037037037037037035
touch,you,15,1,27,0.5555555555555556
touch,i,6,2,27,0.2222222222222222
touch,we,2,3,27,0.07407407407407407
touch,timmy,2,4,27,0.07407407407407407
touch,mommy,1,5,27,0.037037037037037035
touch,hand,1,6,27,0.037037037037037035
feed,i,10,1,27,0.37037037037037035
feed,you,5,2,27,0.18518518518518517
feed,we,4,3,27,0.14814814814814814
feed,jesus,3,4,27,0.1111111111111111
feed,he,2,5,27,0.07407407407407407
feed,who,1,6,27,0.037037037037037035
feed,mommy,1,7,27,0.037037037037037035
feed,they,1,8,27,0.037037037037037035
ask,i,11,1,26,0.4230769230769231
ask,you,8,2,26,0.3076923076923077
ask,daniel,2,3,26,0.07692307692307693
ask,nobody,1,4,26,0.038461538461538464
ask,she,1,5,26,0.038461538461538464
ask,david,1,6,26,0.038461538461538464
ask,useta,1,7,26,0.038461538461538464
ask,person,1,8,26,0.038461538461538464
bet,i,26,1,26,1.0
will,it,7,1,26,0.2692307692307692
will,you,4,2,26,0.15384615384615385
will,we,4,3,26,0.15384615384615385
will,i,3,4,26,0.11538461538461539
will,he,3,5,26,0.11538461538461539
will,they,1,6,26,0.038461538461538464
will,wing,1,7,26,0.038461538461538464
will,driver,1,8,26,0.038461538461538464
will,mikie,1,9,26,0.038461538461538464
will,either,1,10,26,0.038461538461538464
fly,he,15,1,26,0.5769230769230769
fly,you,3,2,26,0.11538461538461539
fly,they,3,3,26,0.11538461538461539
fly,i,3,4,26,0.11538461538461539
fly,it,1,5,26,0.038461538461538464
fly,owl,1,6,26,0.038461538461538464
fix,mommy,9,1,25,0.36
fix,i,7,2,25,0.28
fix,we,5,3,25,0.2
fix,mom,1,4,25,0.04
fix,it,1,5,25,0.04
fix,light,1,6,25,0.04
fix,they,1,7,25,0.04
wait,you,12,1,25,0.48
wait,i,7,2,25,0.28
wait,we,5,3,25,0.2
wait,who,1,4,25,0.04
tickle,i,11,1,25,0.44
tickle,that,4,2,25,0.16
tickle,he,2,3,25,0.08
tickle,you,2,4,25,0.08
tickle,mommy,2,5,25,0.08
tickle,who,2,6,25,0.08
tickle,bug,1,7,25,0.04
tickle,doggie,1,8,25,0.04
cry,you,11,1,24,0.4583333333333333
cry,i,3,2,24,0.125
cry,ant,2,3,24,0.08333333333333333
cry,she,2,4,24,0.08333333333333333
cry,he,2,5,24,0.08333333333333333
cry,piggy,1,6,24,0.041666666666666664
cry,pokemon,1,7,24,0.041666666666666664
cry,catherine,1,8,24,0.041666666666666664
cry,we,1,9,24,0.041666666666666664
jump,you,9,1,24,0.375
jump,he,4,2,24,0.16666666666666666
jump,blitzen,3,3,24,0.125
jump,we,2,4,24,0.08333333333333333
jump,floor,1,5,24,0.041666666666666664
jump,chickie,1,6,24,0.041666666666666664
jump,kitty,1,7,24,0.041666666666666664
jump,she,1,8,24,0.041666666666666664
jump,i,1,9,24,0.041666666666666664
jump,guy,1,10,24,0.041666666666666664
fit,it,6,1,24,0.25
fit,that,4,2,24,0.16666666666666666
fit,they,3,3,24,0.125
fit,you,3,4,24,0.125
fit,one,2,5,24,0.08333333333333333
fit,circle,1,6,24,0.041666666666666664
fit,square,1,7,24,0.041666666666666664
fit,triangle,1,8,24,0.041666666666666664
fit,toy,1,9,24,0.041666666666666664
fit,he,1,10,24,0.041666666666666664
fit,shoe,1,11,24,0.041666666666666664
laugh,you,20,1,24,0.8333333333333334
laugh,pup,2,2,24,0.08333333333333333
laugh,i,1,3,24,0.041666666666666664
laugh,they,1,4,24,0.041666666666666664
